id,title,subject,grade,standard,chapter,difficulty,estimated_duration,question,content_type,options,correct_answer,explanation,hints,scaffold_steps,supported_learning_modes,theme_tags,icon_name
6aad5689c039c717b080acf2,Space Star Counting,Mathematics,1,,,1,3,An astronaut explorer saw 4 blue stars and 3 yellow stars in deep space. How many stars did they count in total?,multiple_choice,"[""5 stars"", ""6 stars"", ""7 stars"", ""8 stars""]",7 stars,4 blue stars + 3 yellow stars = 7 total stars!,"[""Start with the 4 blue stars."", ""Count 3 more yellow stars: 5, 6, 7!"", ""4 + 3 = 7.""]",[],"[""Seeing"", ""Doing"", ""Listening""]","[""space"", ""animals"", ""general""]",Calculator
6aad5689c039c717b080acf3,Cosmic Pattern Helper,Mathematics,1,,,2,4,"Look at the pattern: 2, 4, 6, 8, __. What is the next number?",multiple_choice,"[""9"", ""10"", ""11"", ""12""]",10,Each number increases by 2! 8 + 2 = 10.,"[""Notice how much each number jumps."", ""2 + 2 = 4, 4 + 2 = 6, 6 + 2 = 8."", ""Add 2 to 8.""]",[],"[""Seeing"", ""Reading""]","[""coding"", ""space"", ""general""]",Sparkles
6aad5689c039c717b080acf4,Animal Habitat Explorer,Science,1,,,1,4,"Which habitat is home to creatures like dolphins, sea turtles, and clownfish?",multiple_choice,"[""Desert"", ""Ocean"", ""Forest"", ""Mountain""]",Ocean,"Dolphins, sea turtles, and clownfish live in salt water ocean environments!","[""Think about where saltwater creatures swim."", ""It is a vast body of blue water covering most of Earth.""]",[],"[""Seeing"", ""Listening"", ""Reading""]","[""animals"", ""nature""]",Globe
6aad5689c039c717b080acf5,Solar System Giant,Science,1,,,2,5,Which planet in our solar system is famous for its massive ring system?,multiple_choice,"[""Mars"", ""Saturn"", ""Mercury"", ""Venus""]",Saturn,"Saturn is known for its beautiful rings made of ice, dust, and rock particles!","[""It is the 6th planet from the Sun."", ""Its bright rings can be seen with a telescope.""]",[],"[""Seeing"", ""Reading""]","[""space"", ""general""]",Sun
6aad5689c039c717b080acf6,Kind Words & Descriptions,English,1,,,1,3,"Choose the word that describes a dog that loves running, playing catch, and wagging its tail happily.",multiple_choice,"[""Playful"", ""Sleepy"", ""Quiet"", ""Heavy""]",Playful,'Playful' describes someone full of energy and fun!,"[""The dog loves running and playing games."", ""It starts with 'Play'.""]",[],"[""Listening"", ""Reading""]","[""animals"", ""general"", ""stories""]",BookOpen
6aad5689c039c717b080acf7,Rhyme Time Adventure,English,1,,,1,3,Which word rhymes with 'BRIGHT' and 'NIGHT'?,multiple_choice,"[""LIGHT"", ""MOON"", ""DARK"", ""STAR""]",LIGHT,"BRIGHT, NIGHT, and LIGHT all end in the '-ight' sound!","[""Listen closely to the ending sound of 'BRIGHT'."", ""L - IGHT rhymes with N - IGHT.""]",[],"[""Listening"", ""Doing""]","[""music"", ""fantasy"", ""space""]",Music
6aad5689c039c717b080acf8,Colors of the Rainbow,General Knowledge,1,,,1,3,"When sunlight passes through raindrops in the sky, what beautiful natural arch appears?",multiple_choice,"[""Rainbow"", ""Lightning bolt"", ""Comet tail"", ""Tornado""]",Rainbow,A rainbow forms when sunlight bends and reflects through water droplets!,"[""It features red, orange, yellow, green, blue, indigo, and violet."", ""It appears in the sky after a gentle rain shower.""]",[],"[""Seeing"", ""Reading""]","[""art"", ""nature""]",Palette
6aad5689c039c717b080acf9,Robot Navigator Command,Coding/Logic,1,,,1,5,"Help Robot Sparky reach the battery charging pad! Sparky takes 2 steps forward, turns right, and takes 1 step forward. What sequence of commands is that?",multiple_choice,"[""FORWARD, FORWARD, TURN RIGHT, FORWARD"", ""TURN RIGHT, FORWARD, FORWARD"", ""FORWARD, TURN LEFT, FORWARD"", ""BACKWARD, FORWARD, TURN RIGHT""]","FORWARD, FORWARD, TURN RIGHT, FORWARD","Step 1: Forward, Step 2: Forward, Step 3: Turn Right, Step 4: Forward!","[""Break the journey down step by step."", ""First 2 steps move FORWARD, then TURN RIGHT, then 1 step FORWARD.""]",[],"[""Doing"", ""Seeing""]","[""coding"", ""space"", ""games""]",Cpu
6aad5689c039c717b080acfa,Photosynthesis Oxygen Factory,Science,1,,,1,4,"In NCERT Chapter 1, green plants use sunlight and carbon dioxide to make food. What vital gas do they release into the air for astronauts and animals to breathe?",multiple_choice,"[""Oxygen"", ""Carbon dioxide"", ""Nitrogen"", ""Helium""]",Oxygen,"During photosynthesis, plants take in carbon dioxide and water using solar energy captured by chlorophyll, releasing vital oxygen into the atmosphere!","[""Think about the gas animals breathe in every day."", ""Leaves absorb carbon dioxide and give off this gas in daylight."", ""It begins with the letter 'O'.""]",[],"[""Seeing"", ""Reading"", ""Listening""]","[""nature"", ""space"", ""science""]",Sun
6aad5689c039c717b080acfb,Cosmic Heat Conductor,Science,1,,,2,5,"When metal spoons sit in hot soup, heat travels from the hot soup through the spoon to the handle. What is this mode of heat transfer called in NCERT Science?",multiple_choice,"[""Conduction"", ""Convection"", ""Radiation"", ""Insulation""]",Conduction,Conduction is the process where heat is transferred from the hotter end to the colder end of an object through direct molecular contact!,"[""Heat moves through solid metals primarily by this process."", ""It does not involve bulk movement of fluid like convection."", ""The word sounds like 'conduct'.""]",[],"[""Seeing"", ""Doing""]","[""science"", ""space"", ""general""]",Zap
6aad5689c039c717b080acfc,Space Base Circuit Switch,Science,1,,,1,4,"To turn on the rover headlights, the electrical circuit must be complete without any breaks. What is a complete circuit called in NCERT Science?",multiple_choice,"[""Closed circuit"", ""Open circuit"", ""Short circuit"", ""Broken circuit""]",Closed circuit,"When the switch is in the 'ON' position, the electric circuit is complete from positive terminal to negative terminal, forming a closed circuit!","[""Think about whether the loop has any open gaps."", ""Electricity only flows when the path is fully connected."", ""It is the opposite of an 'open' circuit.""]",[],"[""Seeing"", ""Doing""]","[""coding"", ""space"", ""science""]",Cpu
6aad5689c039c717b080acfd,Sub-Zero Temperature Descent,Mathematics,1,,,1,4,"At base camp the temperature is 3°C. At midnight on the planetary ridge, the temperature drops by 8°C. What is the new temperature?",multiple_choice,"[""-5\u00b0C"", ""-11\u00b0C"", ""5\u00b0C"", ""-3\u00b0C""]",-5°C,Starting at +3°C and dropping 8°C gives: 3 - 8 = -5°C!,"[""Start on the number line at positive 3."", ""Move 8 steps to the left toward negative numbers."", ""3 - 3 reaches 0, and 5 more steps left reaches -5.""]",[],"[""Seeing"", ""Reading""]","[""space"", ""nature"", ""mathematics""]",Calculator
6aad5689c039c717b080acfe,Energy Cell Fraction,Mathematics,1,,,2,4,"A space shuttle power grid has 12 energy cells. If the navigation thrusters require 3/4 of the total cells, how many cells will be energized?",multiple_choice,"[""9 cells"", ""8 cells"", ""6 cells"", ""10 cells""]",9 cells,(3/4) of 12 = (3 * 12) / 4 = 36 / 4 = 9 energy cells!,"[""First find 1/4 of 12 by dividing 12 by 4."", ""12 divided by 4 equals 3."", ""Now multiply that answer (3) by 3 to find 3/4.""]",[],"[""Seeing"", ""Doing""]","[""space"", ""coding"", ""mathematics""]",Sparkles
6aad5689c039c717b080acff,The Mystery Cargo Weight,Mathematics,1,,,2,5,An expedition container holds 2 identical mystery probe pods plus a 5 kg sensor unit. The total weight on the scale is 25 kg. What is the weight of one mystery pod (x)?,multiple_choice,"[""10 kg"", ""12 kg"", ""8 kg"", ""15 kg""]",10 kg,Equation: 2x + 5 = 25. Subtract 5: 2x = 20. Divide by 2: x = 10 kg!,"[""Set up the balance: 2 pods + 5 kg = 25 kg."", ""Subtract 5 kg from both sides to find what 2 pods weigh."", ""20 kg divided equally into 2 pods equals 10 kg.""]",[],"[""Seeing"", ""Reading""]","[""coding"", ""space"", ""mathematics""]",Cpu
6aad5689c039c717b080ad08,Inside-Outside & Spatial Orientation (APPLICATION),Mathematics,1,Class 1,Shapes and Space,1,3,The puppy is sleeping on its soft bed inside the dog house. Where is the puppy resting?,multiple_choice,"[""Inside the dog house"", ""Outside in the garden"", ""On the roof of the shed"", ""Under the tree""]",Inside the dog house,"Because the puppy is surrounded by the walls of the dog house, its position is inside.","[""Look at where the puppy is sleeping."", ""It is surrounded by the dog house walls."", ""The opposite of outside is inside.""]","[""Step 1: Locate the boundary of the dog house."", ""Step 2: Check if the puppy is within the walls."", ""Step 3: Choose 'Inside'.""]","[""Seeing"", ""Doing""]","[""general"", ""space"", ""animals""]",Sparkles
6aad5689c039c717b080ad0a,Numbers from One to Nine (APPLICATION),Mathematics,1,Class 1,Numbers from One to Nine,1,3,An astronaut spotted 4 blue planets and 3 green planets through the telescope. How many planets did the astronaut count in total?,multiple_choice,"[""7 planets"", ""6 planets"", ""8 planets"", ""5 planets""]",7 planets,"Count 4 blue planets: 1, 2, 3, 4. Then count 3 more green planets: 5, 6, 7. In total there are 7 planets.","[""Start with the 4 blue planets."", ""Count up 3 more: 5, 6, 7!"", ""4 + 3 = 7.""]","[""Step 1: First group = 4."", ""Step 2: Add second group = 3."", ""Step 3: 4 + 3 = 7.""]","[""Seeing"", ""Doing""]","[""general"", ""space"", ""animals""]",Sparkles
6aad5689c039c717b080ad0c,Addition (Sum up to 9) (APPLICATION),Mathematics,1,Class 1,Addition (Sum up to 9),1,3,Riya has 5 red balloons. Her friend gives her 3 more yellow balloons. How many balloons does Riya have altogether?,multiple_choice,"[""8 balloons"", ""7 balloons"", ""9 balloons"", ""6 balloons""]",8 balloons,Combine 5 red balloons with 3 yellow balloons: 5 + 3 = 8 balloons.,"[""Start with Riya's 5 balloons."", ""Add the 3 new balloons: 6, 7, 8!"", ""5 + 3 = 8.""]","[""Step 1: Start at 5."", ""Step 2: Count forward 3 steps: 6, 7, 8."", ""Step 3: Total is 8.""]","[""Seeing"", ""Doing""]","[""general"", ""space"", ""animals""]",Sparkles
6aad5689c039c717b080ad0e,Subtraction (Take Away) (APPLICATION),Mathematics,1,Class 1,Subtraction (Take Away),1,3,There are 7 ripe mangoes on a branch. A mischievous monkey plucks 2 mangoes. How many mangoes are left on the branch?,multiple_choice,"[""5 mangoes"", ""4 mangoes"", ""6 mangoes"", ""3 mangoes""]",5 mangoes,7 mangoes take away 2 mangoes: 7 - 2 = 5 mangoes remain on the branch.,"[""Start with 7 mangoes."", ""Take away 2: count back 6, 5."", ""7 - 2 = 5.""]","[""Step 1: Total mangoes = 7."", ""Step 2: Subtract 2 mangoes."", ""Step 3: Remaining = 5.""]","[""Seeing"", ""Doing""]","[""general"", ""space"", ""animals""]",Sparkles
6aad5689c039c717b080ad10,Numbers from Ten to Twenty (APPLICATION),Mathematics,1,Class 1,Numbers from Ten to Twenty,1,3,A bundle contains 10 wooden sticks. Next to it are 4 loose sticks. What number do they represent together?,multiple_choice,"[""14"", ""104"", ""12"", ""16""]",14,1 bundle of ten (10) plus 4 loose ones (4) equals 14.,"[""Start with the bundle of 10."", ""Count forward 4 ones: 11, 12, 13, 14."", ""10 + 4 = 14.""]","[""Step 1: Tens = 1 (value 10)."", ""Step 2: Ones = 4."", ""Step 3: 10 + 4 = 14.""]","[""Seeing"", ""Doing""]","[""general"", ""space"", ""animals""]",Sparkles
6aad5689c039c717b080ad12,Time & Daily Routine (APPLICATION),Mathematics,1,Class 1,Time & Daily Routine,1,3,Which activity do children typically do in the MORNING right after waking up?,multiple_choice,"[""Brush their teeth and wash up"", ""Go to sleep for the night"", ""Eat dinner under stars"", ""Watch the sunset""]",Brush their teeth and wash up,Brushing teeth and washing up is the standard healthy morning routine to start the day.,"[""Think about what you do first when your alarm rings."", ""It helps clean your mouth before breakfast."", ""Morning routine starts with brushing teeth.""]","[""Step 1: Identify the time of day: Morning."", ""Step 2: Think about what happens after waking up."", ""Step 3: Choose brushing teeth.""]","[""Seeing"", ""Doing""]","[""general"", ""space"", ""animals""]",Sparkles
6aad5689c039c717b080ad14,Measurement (Longer vs Shorter) (APPLICATION),Mathematics,1,Class 1,Measurement,1,3,Rohan places a long wooden ruler (30 cm) and an eraser (4 cm) side by side. Which object is LONGER?,multiple_choice,"[""The wooden ruler"", ""The eraser"", ""Both are equal length"", ""Cannot be determined""]",The wooden ruler,"The wooden ruler extends much further than the eraser, so the ruler is longer.","[""Imagine a 30 cm ruler and a small rubber eraser."", ""Which one would stick out of your pocket?"", ""The ruler is longer.""]","[""Step 1: Ruler length = 30 cm."", ""Step 2: Eraser length = 4 cm."", ""Step 3: 30 cm > 4 cm, so the ruler is longer.""]","[""Seeing"", ""Doing""]","[""general"", ""space"", ""animals""]",Sparkles
6aad5689c039c717b080ad16,Patterns & Shape Sequences (APPLICATION),Mathematics,1,Class 1,Patterns,1,3,"Look at the pattern: Circle, Triangle, Circle, Triangle, Circle, __. Which shape comes next?",multiple_choice,"[""Triangle"", ""Square"", ""Circle"", ""Star""]",Triangle,The pattern alternates between Circle and Triangle. After Circle comes Triangle.,"[""Say the shapes out loud: Circle, Triangle, Circle, Triangle..."", ""What follows right after Circle in this rule?"", ""It is Triangle.""]","[""Step 1: Identify the repeating unit: (Circle, Triangle)."", ""Step 2: The sequence just had a Circle."", ""Step 3: The next shape is Triangle.""]","[""Seeing"", ""Doing""]","[""general"", ""space"", ""animals""]",Sparkles
6aad5689c039c717b080ad18,"What is Long, What is Round? (APPLICATION)",Mathematics,2,Class 2,"What is Long, What is Round?",2,3,"Which of the following common objects will smoothly ROLL across the floor because it has a round, curved surface?",multiple_choice,"[""A round tennis ball"", ""A flat matchbox"", ""A rectangular book"", ""A square wooden dice""]",A round tennis ball,"A tennis ball is spherical with a curved surface all around, which enables it to roll smoothly.","[""Think about what happens when you push each item on a ramp."", ""Flat objects slide, curved round objects roll."", ""A ball rolls.""]","[""Step 1: Rolling requires curved surfaces."", ""Step 2: Tennis ball is round sphere."", ""Step 3: Select 'A round tennis ball'.""]","[""Seeing"", ""Doing""]","[""general"", ""space"", ""animals""]",Sparkles
6aad5689c039c717b080ad1a,Counting in Groups (APPLICATION),Mathematics,2,Class 2,Counting in Groups,2,3,"Karan arranged his shoes neatly in pairs. If there are 5 pairs of shoes on the rack, how many individual shoes are there?",multiple_choice,"[""10 shoes"", ""7 shoes"", ""5 shoes"", ""12 shoes""]",10 shoes,"Each pair has 2 shoes. 5 pairs = 5 × 2 = 10 shoes (2, 4, 6, 8, 10).","[""Each pair means 2 shoes."", ""Skip count by 2s five times: 2, 4, 6, 8, 10."", ""5 \u00d7 2 = 10.""]","[""Step 1: 1 pair = 2 shoes."", ""Step 2: 5 pairs = 2 + 2 + 2 + 2 + 2."", ""Step 3: 5 \u00d7 2 = 10 shoes.""]","[""Seeing"", ""Doing""]","[""general"", ""space"", ""animals""]",Sparkles
6aad5689c039c717b080ad1c,How Much Can You Carry? (Weight) (APPLICATION),Mathematics,2,Class 2,How Much Can You Carry?,2,3,"When comparing two objects on a two-pan balance scale, what happens to the pan holding the HEAVIER object?",multiple_choice,"[""It goes down"", ""It goes up in the air"", ""It stays completely floating"", ""It disappears""]",It goes down,"Gravity pulls with greater force on greater mass, causing the heavier pan to tilt downwards.","[""Think about playing on a seesaw with a friend who is heavier than you."", ""The heavier side pushes down."", ""The heavier pan goes down.""]","[""Step 1: Recall how balance scales work."", ""Step 2: Greater weight pulls downward."", ""Step 3: Pan goes down.""]","[""Seeing"", ""Doing""]","[""general"", ""space"", ""animals""]",Sparkles
6aad5689c039c717b080ad1e,Counting in Tens & Tens and Ones (APPLICATION),Mathematics,2,Class 2,Counting in Tens & Tens and Ones,2,3,How is the number 46 broken down into Tens and Ones?,multiple_choice,"[""4 Tens and 6 Ones"", ""6 Tens and 4 Ones"", ""40 Tens and 6 Ones"", ""46 Tens and 0 Ones""]",4 Tens and 6 Ones,46 consists of 4 tens (40) and 6 ones (6): 40 + 6 = 46.,"[""Look at the left digit (tens place): 4."", ""Look at the right digit (ones place): 6."", ""4 Tens and 6 Ones.""]","[""Step 1: Tens place digit = 4 (value 40)."", ""Step 2: Ones place digit = 6 (value 6)."", ""Step 3: 4 Tens and 6 Ones.""]","[""Seeing"", ""Doing""]","[""general"", ""space"", ""animals""]",Sparkles
6aad5689c039c717b080ad20,Patterns in Nature and Numbers (APPLICATION),Mathematics,2,Class 2,Patterns in Nature and Numbers,2,3,"Look at the jumping sequence: 10, 20, 30, 40, __. What number comes next?",multiple_choice,"[""50"", ""45"", ""60"", ""41""]",50,The numbers increase by 10 at each step. 40 + 10 = 50.,"[""Notice the pattern: 10, 20, 30, 40..."", ""Each number adds 10."", ""40 + 10 = 50.""]","[""Step 1: Find step difference: 20 - 10 = 10."", ""Step 2: Add 10 to 40."", ""Step 3: 40 + 10 = 50.""]","[""Seeing"", ""Doing""]","[""general"", ""space"", ""animals""]",Sparkles
6aad5689c039c717b080ad22,Jugs and Mugs (Liquid Capacity) (APPLICATION),Mathematics,2,Class 2,Jugs and Mugs (Liquid Capacity),2,3,Which container can hold the LARGEST volume of drinking water?,multiple_choice,"[""A large water bucket"", ""A small tea cup"", ""A plastic spoon"", ""A medicine dropper""]",A large water bucket,A bucket has a much larger physical capacity (several liters) compared to small cups or spoons.,"[""Think about which container you use to take a bath or wash clothes."", ""A cup holds only a little water, a bucket holds a lot."", ""The bucket holds the largest volume.""]","[""Step 1: Compare volumes of items."", ""Step 2: Spoon < Cup < Bucket."", ""Step 3: Bucket is largest.""]","[""Seeing"", ""Doing""]","[""general"", ""space"", ""animals""]",Sparkles
6aad5689c039c717b080ad24,Add Our Points & Give and Take (APPLICATION),Mathematics,2,Class 2,Add Our Points & Give and Take,2,3,"Anusha scored 23 points in a ring toss game. In the second round, she scored 14 more points. What is her total score?",multiple_choice,"[""37 points"", ""35 points"", ""27 points"", ""40 points""]",37 points,Add ones: 3 + 4 = 7. Add tens: 2 + 1 = 3. Total score = 37 points.,"[""Add ones: 3 + 4 = 7."", ""Add tens: 20 + 10 = 30."", ""30 + 7 = 37.""]","[""Step 1: Tens: 20 + 10 = 30."", ""Step 2: Ones: 3 + 4 = 7."", ""Step 3: 30 + 7 = 37.""]","[""Seeing"", ""Doing""]","[""general"", ""space"", ""animals""]",Sparkles
6aad5689c039c717b080ad26,Where to Look From (Perspective & Symmetry) (APPLICATION),Mathematics,3,Class 3,Where to Look From (Perspective),2,3,"When standing on the 4th floor balcony looking down at a parked car on the street, which view of the car do you observe?",multiple_choice,"[""Top view"", ""Side view showing doors"", ""Front view showing headlights"", ""Underbody view""]",Top view,"Looking down from above an object provides its top (aerial) view, showing the roof, hood, and trunk.","[""You are high above looking straight down."", ""You see the roof of the car."", ""This is called the top view.""]","[""Step 1: Observer position = above the car."", ""Step 2: Viewing angle = looking straight down."", ""Step 3: This is the Top view.""]","[""Seeing"", ""Doing""]","[""general"", ""space"", ""animals""]",Sparkles
6aad5689c039c717b080ad28,Fun with Numbers (3-Digit Numbers & Century) (APPLICATION),Mathematics,3,Class 3,Fun with Numbers (3-Digit Numbers),2,3,"In cricket, a batsman scores a glorious 'Century'. Exactly how many runs did the batsman score?",multiple_choice,"[""100 runs"", ""50 runs"", ""200 runs"", ""10 runs""]",100 runs,A century in sport and numerical measurement represents exactly 100 units or runs.,"[""Think about the word 'cent' in century."", ""A half-century is 50, so a full century is..."", ""A century equals 100 runs.""]","[""Step 1: Recall definition of century."", ""Step 2: 1 century = 100."", ""Step 3: Answer is 100 runs.""]","[""Seeing"", ""Doing""]","[""general"", ""space"", ""animals""]",Sparkles
6aad5689c039c717b080ad2a,Give and Take (Addition with Carryover) (APPLICATION),Mathematics,3,Class 3,Give and Take (Addition & Subtraction),2,3,A school library has 136 Hindi storybooks and 245 English storybooks. How many storybooks are in the library in total?,multiple_choice,"[""381 storybooks"", ""371 storybooks"", ""391 storybooks"", ""400 storybooks""]",381 storybooks,"Add ones: 6 + 5 = 11 (1 ones, carry 1 ten). Add tens: 3 + 4 + 1 = 8 tens. Add hundreds: 1 + 2 = 3 hundreds. Total = 381.","[""Add ones: 6 + 5 = 11."", ""Add tens: 30 + 40 + 10 = 80."", ""Add hundreds: 100 + 200 = 300. Total is 381.""]","[""Step 1: 6 + 5 = 11 (carry 1)."", ""Step 2: 1 + 3 + 4 = 8."", ""Step 3: 1 + 2 = 3 -> 381.""]","[""Seeing"", ""Doing""]","[""general"", ""space"", ""animals""]",Sparkles
6aad5689c039c717b080ad2c,Long and Short (Metric Measurement) (APPLICATION),Mathematics,3,Class 3,Long and Short (Metric Measurement),2,3,How many centimetres (cm) are there in exactly 1 full metre (m)?,multiple_choice,"[""100 cm"", ""10 cm"", ""1000 cm"", ""50 cm""]",100 cm,The metric standard definition establishes that 1 metre is composed of 100 centimetres.,"[""The prefix 'centi' means one-hundredth."", ""There are 100 cents in a dollar and 100 cm in a metre."", ""1 m = 100 cm.""]","[""Step 1: Metric unit rule: 1 m = 100 cm."", ""Step 2: Select '100 cm'.""]","[""Seeing"", ""Doing""]","[""general"", ""space"", ""animals""]",Sparkles
6aad5689c039c717b080ad2e,Shapes and Designs (Edges & Vertices) (APPLICATION),Mathematics,3,Class 3,Shapes and Designs,2,3,How many straight edges and pointed corners (vertices) does a standard rectangular notebook cover have?,multiple_choice,"[""4 edges and 4 corners"", ""3 edges and 3 corners"", ""5 edges and 5 corners"", ""6 edges and 8 corners""]",4 edges and 4 corners,A rectangle is a 4-sided polygon with 4 straight sides (edges) and 4 vertices (corners).,"[""Look at your book cover or sheet of paper."", ""Count top, bottom, left, and right sides: that's 4 sides."", ""Count corners: 4.""]","[""Step 1: Shape = rectangle."", ""Step 2: Count edges = 4."", ""Step 3: Count vertices = 4.""]","[""Seeing"", ""Doing""]","[""general"", ""space"", ""animals""]",Sparkles
6aad5689c039c717b080ad30,Time Goes On (Clocks & Hours) (APPLICATION),Mathematics,3,Class 3,Time Goes On (Clocks & Calendar),2,3,"On an analogue wall clock, the short hour hand points directly at 4, and the long minute hand points at 12. What time is it?",multiple_choice,"[""4 o'clock (4:00)"", ""12 o'clock (12:00)"", ""4:30"", ""12:04""]",4 o'clock (4:00),"When the minute hand points to 12, it is the top of the hour. Since the hour hand points to 4, the time is 4:00.","[""Look at the short hand: it tells the hour (4)."", ""The long hand on 12 means zero minutes past."", ""It is 4 o'clock.""]","[""Step 1: Short hand = 4 (Hour)."", ""Step 2: Long hand = 12 (00 minutes)."", ""Step 3: Time is 4:00.""]","[""Seeing"", ""Doing""]","[""general"", ""space"", ""animals""]",Sparkles
6aad5689c039c717b080ad32,How Many Times? (Multiplication) (APPLICATION),Mathematics,3,Class 3,How Many Times? (Multiplication),2,3,A gardener planted 4 neat rows of sunflower plants. Each row has 5 sunflowers. How many sunflowers are planted in total?,multiple_choice,"[""20 sunflowers"", ""16 sunflowers"", ""25 sunflowers"", ""9 sunflowers""]",20 sunflowers,4 rows of 5 flowers: 4 × 5 = 5 + 5 + 5 + 5 = 20 sunflowers.,"[""Add 5 four times: 5, 10, 15, 20."", ""4 times 5 equals 20."", ""4 \u00d7 5 = 20.""]","[""Step 1: Number of rows = 4."", ""Step 2: Flowers per row = 5."", ""Step 3: 4 \u00d7 5 = 20 sunflowers.""]","[""Seeing"", ""Doing""]","[""general"", ""space"", ""animals""]",Sparkles
6aad5689c039c717b080ad34,Can We Share? (Division & Equal Sharing) (APPLICATION),Mathematics,3,Class 3,Can We Share? (Division),2,3,Grandmother has 15 delicious lollipops to distribute EQUALLY among her 3 grandchildren. How many lollipops does each grandchild receive?,multiple_choice,"[""5 lollipops"", ""3 lollipops"", ""4 lollipops"", ""6 lollipops""]",5 lollipops,Divide 15 equally by 3: 15 ÷ 3 = 5 lollipops for each grandchild.,"[""Think: 3 times what number equals 15?"", ""3 \u00d7 5 = 15."", ""Each gets 5 lollipops.""]","[""Step 1: Total lollipops = 15."", ""Step 2: Number of children = 3."", ""Step 3: 15 \u00f7 3 = 5.""]","[""Seeing"", ""Doing""]","[""general"", ""space"", ""animals""]",Sparkles
6aad5689c039c717b080ad36,Building with Bricks (3D Shapes) (APPLICATION),Mathematics,4,Class 4,Building with Bricks (3D Shapes & Patterns),3,3,How many flat rectangular faces does a standard construction brick (a 3D cuboid) have in total?,multiple_choice,"[""6 faces"", ""4 faces"", ""8 faces"", ""12 faces""]",6 faces,"A cuboid brick has 6 faces: top, bottom, front, back, left side, and right side.","[""Count: top and bottom (2), front and back (2), two sides (2)."", ""2 + 2 + 2 = 6."", ""A brick has 6 faces.""]","[""Step 1: Shape = cuboid."", ""Step 2: Faces = top/bottom + 4 vertical sides."", ""Step 3: 2 + 4 = 6 faces.""]","[""Seeing"", ""Doing""]","[""general"", ""space"", ""animals""]",Sparkles
6aad5689c039c717b080ad38,Long and Short (Distance Conversion) (APPLICATION),Mathematics,4,Class 4,Long and Short (Distance & Conversion),3,3,"If an athlete completes a 3-kilometre cross-country race, how many metres (m) did they run in total?",multiple_choice,"[""3000 metres"", ""300 metres"", ""30 metres"", ""30,000 metres""]",3000 metres,"1 kilometre = 1000 metres. Therefore, 3 km = 3 × 1000 = 3000 metres.","[""Remember: 1 km = 1000 m."", ""Multiply 3 by 1000."", ""3 \u00d7 1000 = 3000 m.""]","[""Step 1: 1 km = 1000 m."", ""Step 2: 3 km = 3 \u00d7 1000 m."", ""Step 3: Distance = 3000 m.""]","[""Seeing"", ""Doing""]","[""general"", ""space"", ""animals""]",Sparkles
6aad5689c039c717b080ad3a,A Trip to Bhopal (Multi-Operation Math) (APPLICATION),Mathematics,4,Class 4,A Trip to Bhopal (Multi-Operation Math),3,3,"A family buys 4 bus tickets to visit the Bhopal boat club. If each bus ticket costs ₹50, what is the total cost of all 4 tickets?",multiple_choice,"[""\u20b9200"", ""\u20b9150"", ""\u20b9250"", ""\u20b9100""]",₹200,Total cost = 4 tickets × ₹50 per ticket = ₹200.,"[""Multiply 4 by 50."", ""4 \u00d7 5 = 20, so 4 \u00d7 50 = 200."", ""Total cost is \u20b9200.""]","[""Step 1: Quantity = 4 tickets."", ""Step 2: Rate = \u20b950."", ""Step 3: 4 \u00d7 \u20b950 = \u20b9200.""]","[""Seeing"", ""Doing""]","[""general"", ""space"", ""animals""]",Sparkles
6aad5689c039c717b080ad3c,Tick-Tick-Tick (24-Hour Railway Time) (APPLICATION),Mathematics,4,Class 4,"Tick-Tick-Tick (Clocks, 24-Hour Time & Elapsed Time)",3,3,A railway departure display shows the train departure time as 17:30. What is this time on a standard 12-hour PM clock?,multiple_choice,"[""5:30 PM"", ""7:30 PM"", ""3:30 PM"", ""5:30 AM""]",5:30 PM,"17:30 is in the afternoon/evening. Subtract 12: 17 - 12 = 5, so 17:30 = 5:30 PM.","[""For times greater than 12, subtract 12 from the hour."", ""17 - 12 = 5."", ""17:30 is 5:30 PM.""]","[""Step 1: Hour is 17 (> 12, so it's PM)."", ""Step 2: 17 - 12 = 5."", ""Step 3: Time = 5:30 PM.""]","[""Seeing"", ""Doing""]","[""general"", ""space"", ""animals""]",Sparkles
6aad5689c039c717b080ad3e,The Junk Seller (Profit & Commerce) (APPLICATION),Mathematics,4,Class 4,"The Junk Seller (Currency, Invoices & Multiplication)",3,3,Kiran buys old newspapers for ₹10 per kg and sells them to a recycling depot for ₹14 per kg. How much profit does she earn per kg?,multiple_choice,"[""\u20b94 per kg"", ""\u20b924 per kg"", ""\u20b914 per kg"", ""\u20b95 per kg""]",₹4 per kg,Profit = Selling Price - Cost Price = ₹14 - ₹10 = ₹4 per kg.,"[""Selling price is \u20b914, Cost price is \u20b910."", ""Profit = 14 - 10."", ""Profit is \u20b94 per kg.""]","[""Step 1: Selling Price = \u20b914."", ""Step 2: Cost Price = \u20b910."", ""Step 3: Profit = \u20b914 - \u20b910 = \u20b94.""]","[""Seeing"", ""Doing""]","[""general"", ""space"", ""animals""]",Sparkles
6aad5689c039c717b080ad40,Halves and Quarters (Fraction Representation) (APPLICATION),Mathematics,4,Class 4,Halves and Quarters (Fraction Basics),3,3,"A round chapati is cut into 4 equal quarters. If you eat 2 of the quarters, what fraction of the chapati have you eaten?",multiple_choice,"[""1/2 (Half)"", ""1/4 (One quarter)"", ""3/4 (Three quarters)"", ""1/3 (One third)""]",1/2 (Half),2 parts out of 4 equal parts is 2/4. Dividing numerator and denominator by 2 gives 1/2 (one half).,"[""2 out of 4 equal parts."", ""2 is exactly half of 4."", ""2/4 = 1/2.""]","[""Step 1: Fraction = 2/4."", ""Step 2: Simplify by dividing by 2: (2\u00f72)/(4\u00f72) = 1/2."", ""Step 3: Fraction is 1/2.""]","[""Seeing"", ""Doing""]","[""general"", ""space"", ""animals""]",Sparkles
6aad5689c039c717b080ad42,Tables and Shares (Division with Equal Sets) (APPLICATION),Mathematics,4,Class 4,Tables and Shares (Division & Word Problems),3,3,A teacher distributes 28 colorful craft papers equally among 4 student groups. How many craft papers does each group receive?,multiple_choice,"[""7 craft papers"", ""6 craft papers"", ""8 craft papers"", ""9 craft papers""]",7 craft papers,Divide total craft papers by groups: 28 ÷ 4 = 7 papers per group.,"[""Think: 4 times what number equals 28?"", ""4 \u00d7 7 = 28."", ""Each group gets 7 craft papers.""]","[""Step 1: Total = 28."", ""Step 2: Groups = 4."", ""Step 3: 28 \u00f7 4 = 7.""]","[""Seeing"", ""Doing""]","[""general"", ""space"", ""animals""]",Sparkles
6aad5689c039c717b080ad44,Fields and Fences (Perimeter of a Rectangle) (APPLICATION),Mathematics,4,Class 4,Fields and Fences (Perimeter & Area Intro),3,3,A rectangular vegetable patch is 8 metres long and 5 metres wide. What length of wire fence is needed to enclose the entire boundary?,multiple_choice,"[""26 metres"", ""40 metres"", ""13 metres"", ""24 metres""]",26 metres,Perimeter = 2 × (Length + Width) = 2 × (8 + 5) = 2 × 13 = 26 metres.,"[""Add all 4 sides: 8 + 5 + 8 + 5."", ""8 + 5 = 13, and 13 \u00d7 2 = 26."", ""The perimeter is 26 metres.""]","[""Step 1: Length = 8 m, Width = 5 m."", ""Step 2: Sum of two sides = 8 + 5 = 13 m."", ""Step 3: Perimeter = 13 \u00d7 2 = 26 m.""]","[""Seeing"", ""Doing""]","[""general"", ""space"", ""animals""]",Sparkles
6aad5689c039c717b080ad46,"The Fish Tale (Speed, Distance, Time & Large Numbers) (APPLICATION)",Mathematics,5,Class 5,The Fish Tale (Large Numbers & Speed-Time),3,3,A fisherman's motorboat travels across the sea at a steady speed of 20 kilometres per hour. How far will the boat travel in 3 hours?,multiple_choice,"[""60 kilometres"", ""40 kilometres"", ""50 kilometres"", ""80 kilometres""]",60 kilometres,Distance = Speed × Time = 20 km/h × 3 hours = 60 kilometres.,"[""Distance = Speed \u00d7 Time."", ""Multiply 20 by 3."", ""20 \u00d7 3 = 60 km.""]","[""Step 1: Speed = 20 km/h."", ""Step 2: Time = 3 hours."", ""Step 3: Distance = 20 \u00d7 3 = 60 km.""]","[""Seeing"", ""Doing""]","[""general"", ""space"", ""animals""]",Sparkles
6aad5689c039c717b080ad48,Shapes and Angles (Types of Angles) (APPLICATION),Mathematics,5,Class 5,Shapes and Angles,3,3,What is the exact name of an angle that forms a perfect 'L' square corner and measures exactly 90 degrees?,multiple_choice,"[""Right angle"", ""Acute angle"", ""Obtuse angle"", ""Reflex angle""]",Right angle,An angle of exactly 90 degrees is defined as a Right Angle.,"[""It looks like the letter L."", ""The corner of a square is 90\u00b0."", ""It is called a right angle.""]","[""Step 1: Angle measure = 90\u00b0."", ""Step 2: Geometry classification = Right angle."", ""Step 3: Choose 'Right angle'.""]","[""Seeing"", ""Doing""]","[""general"", ""space"", ""animals""]",Sparkles
6aad5689c039c717b080ad4a,How Many Squares? (Area of a Rectangle) (APPLICATION),Mathematics,5,Class 5,How Many Squares? (Area & Grid Units),3,3,A rectangular bookmark is 6 cm long and 4 cm wide. How many square centimetres (sq cm) of paper are there on its surface area?,multiple_choice,"[""24 sq cm"", ""20 sq cm"", ""10 sq cm"", ""28 sq cm""]",24 sq cm,Area of rectangle = Length × Width = 6 cm × 4 cm = 24 sq cm.,"[""Area = Length \u00d7 Width."", ""Multiply 6 by 4."", ""6 \u00d7 4 = 24 sq cm.""]","[""Step 1: Length = 6 cm, Width = 4 cm."", ""Step 2: Area formula = L \u00d7 W."", ""Step 3: 6 \u00d7 4 = 24 sq cm.""]","[""Seeing"", ""Doing""]","[""general"", ""space"", ""animals""]",Sparkles
6aad5689c039c717b080ad4c,Parts and Wholes (Fraction Addition) (APPLICATION),Mathematics,5,Class 5,Parts and Wholes (Advanced Fractions),3,3,Reena ate 1/4 of a chocolate bar in the morning and 2/4 of the same bar in the afternoon. What total fraction did she eat?,multiple_choice,"[""3/4"", ""3/8"", ""1/2"", ""2/4""]",3/4,"When denominators are the same, add numerators: 1/4 + 2/4 = (1 + 2)/4 = 3/4.","[""Denominators are both 4."", ""Add the top numbers: 1 + 2 = 3."", ""The total is 3/4.""]","[""Step 1: Common denominator = 4."", ""Step 2: Numerators sum = 1 + 2 = 3."", ""Step 3: Fraction = 3/4.""]","[""Seeing"", ""Doing""]","[""general"", ""space"", ""animals""]",Sparkles
6aad5689c039c717b080ad4e,"Be My Multiple, I'll be Your Factor (LCM) (APPLICATION)",Mathematics,5,Class 5,"Be My Multiple, I'll be Your Factor",3,3,What is the SMALLEST positive common multiple (LCM) shared by both the numbers 4 and 6?,multiple_choice,"[""12"", ""24"", ""10"", ""18""]",12,"Multiples of 4: 4, 8, 12, 16... Multiples of 6: 6, 12, 18... The least common multiple is 12.","[""List multiples of 4: 4, 8, 12, 16."", ""List multiples of 6: 6, 12, 18."", ""The smallest shared number is 12.""]","[""Step 1: Multiples of 4 = 4, 8, 12, 16, 20."", ""Step 2: Multiples of 6 = 6, 12, 18, 24."", ""Step 3: Smallest common number = 12.""]","[""Seeing"", ""Doing""]","[""general"", ""space"", ""animals""]",Sparkles
6aad5689c039c717b080ad50,Tenths and Hundredths (Decimal Currency) (APPLICATION),Mathematics,5,Class 5,Tenths and Hundredths (Decimals),3,3,"If a postage stamp costs 75 paise, how is this amount correctly written in Indian Rupees using a decimal point?",multiple_choice,"[""\u20b90.75"", ""\u20b97.50"", ""\u20b975.00"", ""\u20b90.075""]",₹0.75,"1 Rupee = 100 paise. Therefore, 75 paise = 75/100 = ₹0.75.","[""100 paise = \u20b91.00."", ""75 paise is less than 1 Rupee."", ""It is written as \u20b90.75.""]","[""Step 1: Conversion rate: 100 paise = \u20b91."", ""Step 2: 75 \u00f7 100 = 0.75."", ""Step 3: \u20b90.75.""]","[""Seeing"", ""Doing""]","[""general"", ""space"", ""animals""]",Sparkles
6aad5689c039c717b080ad52,Area and its Boundary (Square Area & Perimeter) (APPLICATION),Mathematics,5,Class 5,Area and its Boundary,3,3,A square tile has side length of 5 cm. What are its PERIMETER (boundary) and its AREA (surface)?,multiple_choice,"[""Perimeter = 20 cm, Area = 25 sq cm"", ""Perimeter = 25 cm, Area = 20 sq cm"", ""Perimeter = 10 cm, Area = 15 sq cm"", ""Perimeter = 20 cm, Area = 20 sq cm""]","Perimeter = 20 cm, Area = 25 sq cm",Perimeter = 4 × side = 4 × 5 = 20 cm. Area = side × side = 5 × 5 = 25 sq cm.,"[""Perimeter = 4 \u00d7 side = 4 \u00d7 5 = 20 cm."", ""Area = side \u00d7 side = 5 \u00d7 5 = 25 sq cm."", ""Perimeter is 20 cm, Area is 25 sq cm.""]","[""Step 1: Side = 5 cm."", ""Step 2: Perimeter = 4 \u00d7 5 = 20 cm."", ""Step 3: Area = 5 \u00d7 5 = 25 sq cm.""]","[""Seeing"", ""Doing""]","[""general"", ""space"", ""animals""]",Sparkles
6aad5689c039c717b080ad54,Knowing Our Numbers (Place Value & Rounding) (APPLICATION),Mathematics,6,Class 6,Knowing Our Numbers,2,3,"According to the Indian place value system, how is the number 7,54,320 written in words, and what is its value when rounded to the nearest thousand?",multiple_choice,"[""Seven lakh fifty-four thousand three hundred twenty; rounded to nearest thousand is 7,54,000"", ""Seven million fifty-four thousand; rounded to nearest thousand is 7,55,000"", ""Seventy-five thousand four hundred thirty-two; rounded is 75,000"", ""Seven lakh five thousand four hundred twenty; rounded is 7,00,000""]","Seven lakh fifty-four thousand three hundred twenty; rounded to nearest thousand is 7,54,000","7,54,320 is 'Seven lakh fifty-four thousand three hundred twenty'. The hundreds digit is 3 (< 5), so rounding to the nearest thousand gives 7,54,000.","[""Check the periods: lakhs, thousands, hundreds."", ""To round to nearest thousand, check the hundreds digit (3)."", ""Since 3 is less than 5, keep the thousands digit as 4.""]","[""Step 1: Read periods: 7 (lakhs), 54 (thousands), 320 (ones)."", ""Step 2: Check hundreds digit: 3 < 5."", ""Step 3: 7,54,320 rounds down to 7,54,000.""]","[""Seeing"", ""Doing""]","[""general"", ""space"", ""animals""]",Sparkles
6aad5689c039c717b080ad56,Whole Numbers (Properties & Number Line) (APPLICATION),Mathematics,6,Class 6,Whole Numbers,2,3,Which of the following statements about whole numbers is TRUE?,multiple_choice,"[""Every whole number has a successor, but 0 does not have a predecessor in whole numbers"", ""Division by zero yields a whole number equal to zero"", ""Subtraction of any two whole numbers always gives a whole number"", ""The natural number 1 has no predecessor in natural numbers or whole numbers""]","Every whole number has a successor, but 0 does not have a predecessor in whole numbers","Whole numbers start at 0 (0, 1, 2, ...). 0 has no predecessor in the set of whole numbers, but every whole number n has successor n+1. Division by 0 is undefined.","[""What comes before zero in whole numbers?"", ""Are negative numbers included in whole numbers?"", ""Whole numbers start at 0, so 0 has no predecessor in whole numbers.""]","[""Step 1: Recall definition of W = {0, 1, 2, 3...}."", ""Step 2: Predecessor means n - 1."", ""Step 3: 0 - 1 = -1, which is not a whole number.""]","[""Seeing"", ""Doing""]","[""general"", ""space"", ""animals""]",Sparkles
6aad5689c039c717b080ad58,"Playing with Numbers (HCF, LCM & Divisibility) (APPLICATION)",Mathematics,6,Class 6,Playing with Numbers,2,3,"Two neon signs blink at intervals of 12 seconds and 18 seconds respectively. If they blink together at 8:00 PM, after how many seconds will they next blink together simultaneously?",multiple_choice,"[""36 seconds"", ""24 seconds"", ""48 seconds"", ""72 seconds""]",36 seconds,"The simultaneous blink time is the LCM of 12 and 18. Multiples of 12: 12, 24, 36, 48... Multiples of 18: 18, 36, 54... The lowest common multiple is 36.","[""We need the smallest common multiple of 12 and 18."", ""List the multiples of 18: 18, 36, 54..."", ""Is 36 divisible by 12? Yes: 12 * 3 = 36.""]","[""Step 1: Identify that simultaneous occurrence requires LCM."", ""Step 2: Prime factors: 12 = 2^2 * 3, 18 = 2 * 3^2."", ""Step 3: LCM = 2^2 * 3^2 = 4 * 9 = 36 seconds.""]","[""Seeing"", ""Doing""]","[""general"", ""space"", ""animals""]",Sparkles
6aad5689c039c717b080ad5a,"Basic Geometrical Ideas (Points, Lines & Polygons) (APPLICATION)",Mathematics,6,Class 6,Basic Geometrical Ideas,2,3,Which of the following geometric figures has exactly ONE endpoint and extends infinitely in the other direction?,multiple_choice,"[""Ray"", ""Line segment"", ""Straight line"", ""Diagonal""]",Ray,"A ray has one starting endpoint (origin) and extends endlessly in one direction (e.g., ray AB starts at A and goes through B endlessly).","[""Think about a sunbeam or flashlight beam."", ""It starts at the bulb and goes outward forever."", ""This figure is called a ray.""]","[""Step 1: Line segment has 2 endpoints."", ""Step 2: Line has 0 endpoints (infinite in both directions)."", ""Step 3: Ray has exactly 1 endpoint.""]","[""Seeing"", ""Doing""]","[""general"", ""space"", ""animals""]",Sparkles
6aad5689c039c717b080ad5c,Integers (Number Line & Signed Arithmetic) (APPLICATION),Mathematics,6,Class 6,Integers,2,3,"In Leh Ladakh, the temperature on Monday night was -4°C. On Tuesday, the temperature dropped by another 6°C. What was the temperature on Tuesday?",multiple_choice,"[""-10\u00b0C"", ""-2\u00b0C"", ""2\u00b0C"", ""10\u00b0C""]",-10°C,"Starting at -4°C, dropping by 6°C means moving 6 units to the left on the number line: -4 - 6 = -(4 + 6) = -10°C.","[""A drop in temperature means subtraction."", ""Start at -4 on the number line and move left by 6."", ""-4 - 6 = -10.""]","[""Step 1: Initial temperature = -4\u00b0C."", ""Step 2: Temperature drop = - 6\u00b0C."", ""Step 3: -4 - 6 = -10\u00b0C.""]","[""Seeing"", ""Doing""]","[""general"", ""space"", ""animals""]",Sparkles
6aad5689c039c717b080ad5e,Fractions and Decimals (Equivalent Fractions) (APPLICATION),Mathematics,6,Class 6,Fractions and Decimals,2,3,A carpenter cuts 3/5 of a wooden plank. Which of the following is equivalent to 3/5 in decimal notation?,multiple_choice,"[""0.6"", ""0.35"", ""0.53"", ""0.15""]",0.6,3/5 can be converted to decimal by multiplying numerator and denominator by 2: (3 * 2) / (5 * 2) = 6/10 = 0.6.,"[""Convert the denominator 5 to 10."", ""Multiply both top and bottom by 2."", ""3 * 2 = 6, and 6/10 = 0.6.""]","[""Step 1: Fraction is 3/5."", ""Step 2: Equivalent fraction with base 10 = (3 * 2)/(5 * 2) = 6/10."", ""Step 3: 6/10 = 0.6.""]","[""Seeing"", ""Doing""]","[""general"", ""space"", ""animals""]",Sparkles
6aad5689c039c717b080ad60,Introduction to Algebra (Variables & Expressions) (APPLICATION),Mathematics,6,Class 6,Introduction to Algebra,2,3,"Raju makes triangular shapes using matchsticks. Each triangle requires 3 matchsticks. If 'n' represents the number of triangles made, which expression gives the total number of matchsticks required?",multiple_choice,"[""3n"", ""3 + n"", ""n / 3"", ""n - 3""]",3n,"Each triangle requires 3 matchsticks. For 'n' triangles, the total number of matchsticks is 3 multiplied by n, written as 3n.","[""For 1 triangle: 3 * 1 = 3."", ""For 2 triangles: 3 * 2 = 6."", ""For n triangles: 3 * n = 3n.""]","[""Step 1: Matchsticks per triangle = 3."", ""Step 2: For n triangles, multiply 3 by n."", ""Step 3: Expression is 3n.""]","[""Seeing"", ""Doing""]","[""general"", ""space"", ""animals""]",Sparkles
6aad5689c039c717b080ad62,Ratio and Proportion (Unitary Method) (APPLICATION),Mathematics,6,Class 6,Ratio and Proportion,2,3,"A recipe calls for 2 cups of sugar for every 3 cups of flour. If a baker uses 9 cups of flour, how many cups of sugar are needed to maintain the exact same ratio?",multiple_choice,"[""6 cups"", ""4 cups"", ""5 cups"", ""8 cups""]",6 cups,The ratio of sugar to flour is 2 : 3. To find sugar for 9 cups of flour: (2 / 3) * 9 = 2 * 3 = 6 cups.,"[""Write the ratio as 2 / 3 = x / 9."", ""Flour increased from 3 to 9 (multiplied by 3)."", ""Multiply sugar by 3: 2 * 3 = 6 cups.""]","[""Step 1: Ratio is 2 cups sugar : 3 cups flour."", ""Step 2: Flour used is 9 cups = 3 * 3."", ""Step 3: Sugar needed = 2 * 3 = 6 cups.""]","[""Seeing"", ""Doing""]","[""general"", ""space"", ""animals""]",Sparkles
6aad5689c039c717b080ad64,Integers (Multiplication & Division Rules) (APPLICATION),Mathematics,7,Class 7,Integers,3,3,Evaluate the mathematical expression: (-12) * (-5) + (-30) / 6,multiple_choice,"[""55"", ""65"", ""-55"", ""-65""]",55,"First, (-12) * (-5) = +60. Next, (-30) / 6 = -5. Then, 60 + (-5) = 60 - 5 = 55.","[""Multiply first: what is (-12) * (-5)? It is +60."", ""Divide next: what is (-30) / 6? It is -5."", ""Now combine: 60 + (-5) = 55.""]","[""Step 1: (-12) * (-5) = +60 (neg * neg = pos)."", ""Step 2: (-30) / 6 = -5 (neg / pos = neg)."", ""Step 3: 60 + (-5) = 55.""]","[""Seeing"", ""Doing""]","[""general"", ""space"", ""animals""]",Sparkles
6aad5689c039c717b080ad66,Fractions and Decimals (Multiplication & Division) (APPLICATION),Mathematics,7,Class 7,Fractions and Decimals,3,3,A rope of length 7/2 meters is cut into smaller pieces of length 1/4 meter each. How many pieces of rope are obtained?,multiple_choice,"[""14 pieces"", ""12 pieces"", ""16 pieces"", ""7 pieces""]",14 pieces,Divide total length by piece length: (7/2) / (1/4) = (7/2) * (4/1) = 28 / 2 = 14 pieces.,"[""To divide by a fraction, multiply by its reciprocal."", ""The reciprocal of 1/4 is 4/1."", ""(7/2) * 4 = 28 / 2 = 14.""]","[""Step 1: Formula = Total length / Piece length."", ""Step 2: (7/2) / (1/4) = (7/2) * 4."", ""Step 3: 28 / 2 = 14.""]","[""Seeing"", ""Doing""]","[""general"", ""space"", ""animals""]",Sparkles
6aad5689c039c717b080ad68,"Data Handling (Mean, Median & Mode) (APPLICATION)",Mathematics,7,Class 7,Data Handling,3,3,"Find the median of the following test scores: 12, 18, 11, 25, 19, 14, 15.",multiple_choice,"[""15"", ""16"", ""18"", ""14""]",15,"First arrange data in ascending order: 11, 12, 14, 15, 18, 19, 25. With n = 7 (odd), the median is the 4th value: 15.","[""Always sort the numbers in ascending order first."", ""Sorted list: 11, 12, 14, 15, 18, 19, 25."", ""Which number sits exactly in the center? It is 15.""]","[""Step 1: Sort scores: 11, 12, 14, 15, 18, 19, 25."", ""Step 2: Total scores n = 7."", ""Step 3: Middle position = (7+1)/2 = 4th item = 15.""]","[""Seeing"", ""Doing""]","[""general"", ""space"", ""animals""]",Sparkles
6aad5689c039c717b080ad6a,Simple Equations (Linear Equations in One Variable) (APPLICATION),Mathematics,7,Class 7,Simple Equations,3,3,Solve for x in the equation: 4x - 7 = 25,multiple_choice,"[""8"", ""7"", ""6"", ""9""]",8,Transpose -7 to RHS: 4x = 25 + 7 = 32. Divide both sides by 4: x = 32 / 4 = 8.,"[""Move -7 to the right side by adding 7."", ""4x = 25 + 7 = 32."", ""Divide 32 by 4: x = 8.""]","[""Step 1: 4x - 7 = 25."", ""Step 2: 4x = 25 + 7 = 32."", ""Step 3: x = 32 / 4 = 8.""]","[""Seeing"", ""Doing""]","[""general"", ""space"", ""animals""]",Sparkles
6aad5689c039c717b080ad6c,Lines and Angles (Transversals & Angle Properties) (APPLICATION),Mathematics,7,Class 7,Lines and Angles,3,3,"Two angles are supplementary. If one angle measures 65°, what is the measure of the other angle?",multiple_choice,"[""115\u00b0"", ""25\u00b0"", ""125\u00b0"", ""35\u00b0""]",115°,"Supplementary angles have a sum of 180°. Therefore, the second angle is 180° - 65° = 115°.","[""Supplementary angles add up to 180\u00b0."", ""Subtract 65\u00b0 from 180\u00b0."", ""180 - 65 = 115\u00b0.""]","[""Step 1: Recall supplementary angle definition: a + b = 180\u00b0."", ""Step 2: Substitute: 65\u00b0 + b = 180\u00b0."", ""Step 3: b = 180\u00b0 - 65\u00b0 = 115\u00b0.""]","[""Seeing"", ""Doing""]","[""general"", ""space"", ""animals""]",Sparkles
6aad5689c039c717b080ad6e,The Triangle and its Properties (Pythagoras & Angle Sum) (APPLICATION),Mathematics,7,Class 7,The Triangle and its Properties,3,3,A right-angled triangle has legs of lengths 6 cm and 8 cm. What is the length of its hypotenuse?,multiple_choice,"[""10 cm"", ""14 cm"", ""12 cm"", ""9 cm""]",10 cm,By Pythagoras theorem: Hypotenuse^2 = 6^2 + 8^2 = 36 + 64 = 100. Hypotenuse = sqrt(100) = 10 cm.,"[""Use Pythagoras theorem: c^2 = a^2 + b^2."", ""6^2 = 36 and 8^2 = 64."", ""36 + 64 = 100, and sqrt(100) = 10.""]","[""Step 1: Formula: c^2 = a^2 + b^2."", ""Step 2: c^2 = 6^2 + 8^2 = 36 + 64 = 100."", ""Step 3: c = sqrt(100) = 10 cm.""]","[""Seeing"", ""Doing""]","[""general"", ""space"", ""animals""]",Sparkles
6aad5689c039c717b080ad70,"Comparing Quantities (Percentages, Profit/Loss & Simple Interest) (APPLICATION)",Mathematics,7,Class 7,Comparing Quantities,3,3,"A sum of Rs 5,000 is borrowed at an annual simple interest rate of 6% for 3 years. What is the total simple interest accrued?",multiple_choice,"[""Rs 900"", ""Rs 600"", ""Rs 1,500"", ""Rs 300""]",Rs 900,SI = (P * R * T) / 100 = (5000 * 6 * 3) / 100 = 50 * 18 = Rs 900.,"[""Use formula: SI = (P * R * T) / 100."", ""P = 5000, R = 6, T = 3."", ""(5000 * 18) / 100 = 50 * 18 = 900.""]","[""Step 1: Identify P = 5000, R = 6, T = 3."", ""Step 2: SI = (5000 * 6 * 3) / 100."", ""Step 3: SI = 50 * 18 = Rs 900.""]","[""Seeing"", ""Doing""]","[""general"", ""space"", ""animals""]",Sparkles
6aad5689c039c717b080ad72,"Perimeter and Area (Triangles, Parallelograms & Circles) (APPLICATION)",Mathematics,7,Class 7,Perimeter and Area,3,3,"A circular flowerbed has a radius of 7 meters. Using pi = 22/7, what is the circumference (boundary perimeter) of the flowerbed?",multiple_choice,"[""44 meters"", ""154 meters"", ""22 meters"", ""88 meters""]",44 meters,Circumference C = 2 * pi * r = 2 * (22/7) * 7 = 2 * 22 = 44 meters.,"[""Circumference formula is 2 * pi * r."", ""Cancel the 7 in the denominator with radius 7."", ""2 * 22 = 44 meters.""]","[""Step 1: Formula = 2 * pi * r."", ""Step 2: C = 2 * (22/7) * 7."", ""Step 3: C = 2 * 22 = 44 m.""]","[""Seeing"", ""Doing""]","[""general"", ""space"", ""animals""]",Sparkles
6aad5689c039c717b080ad74,Rational Numbers (Properties & Number Line) (APPLICATION),Mathematics,8,Class 8,Rational Numbers,3,3,Which of the following operations is NOT closed for the entire set of rational numbers?,multiple_choice,"[""Division"", ""Addition"", ""Multiplication"", ""Subtraction""]",Division,"The set of rational numbers is not closed under division because dividing any rational number by zero is undefined (e.g., 5/0 is not a rational number).","[""Can you divide any number by zero?"", ""Division by zero is undefined."", ""Therefore, rational numbers are not closed under division.""]","[""Step 1: Closure means applying an operation to any two members always produces a member of the set."", ""Step 2: Consider rational number a and rational number 0."", ""Step 3: a / 0 is undefined, violating closure.""]","[""Seeing"", ""Doing""]","[""general"", ""space"", ""animals""]",Sparkles
6aad5689c039c717b080ad76,Linear Equations in One Variable (Variables on Both Sides) (APPLICATION),Mathematics,8,Class 8,Linear Equations in One Variable,3,3,Solve the linear equation for x: 5x - 7 = 2x + 8,multiple_choice,"[""5"", ""3"", ""-5"", ""1""]",5,Transpose 2x to LHS and -7 to RHS: 5x - 2x = 8 + 7 => 3x = 15 => x = 15 / 3 = 5.,"[""Move 2x to the left: 5x - 2x = 3x."", ""Move -7 to the right: 8 + 7 = 15."", ""Divide 15 by 3 to get x.""]","[""Step 1: 5x - 7 = 2x + 8."", ""Step 2: 5x - 2x = 8 + 7."", ""Step 3: 3x = 15 => x = 5.""]","[""Seeing"", ""Doing""]","[""general"", ""space"", ""animals""]",Sparkles
6aad5689c039c717b080ad78,Understanding Quadrilaterals (Properties & Angle Sum) (APPLICATION),Mathematics,8,Class 8,Understanding Quadrilaterals,3,3,"In a parallelogram ABCD, angle A measures 75°. What is the measure of adjacent angle B?",multiple_choice,"[""105\u00b0"", ""75\u00b0"", ""115\u00b0"", ""85\u00b0""]",105°,"In any parallelogram, adjacent angles are consecutive interior angles between parallel lines and are therefore supplementary: Angle B = 180° - 75° = 105°.","[""Adjacent angles in a parallelogram add up to 180\u00b0."", ""Subtract 75\u00b0 from 180\u00b0."", ""180 - 75 = 105\u00b0.""]","[""Step 1: Adjacent angles of a parallelogram are supplementary."", ""Step 2: Angle A + Angle B = 180\u00b0."", ""Step 3: Angle B = 180\u00b0 - 75\u00b0 = 105\u00b0.""]","[""Seeing"", ""Doing""]","[""general"", ""space"", ""animals""]",Sparkles
6aad5689c039c717b080ad7a,Squares and Square Roots (Pythagorean Triplets & Long Division) (APPLICATION),Mathematics,8,Class 8,Squares and Square Roots,3,3,"What is the square root of the number 1,225?",multiple_choice,"[""35"", ""25"", ""45"", ""37""]",35,"Prime factorisation of 1225: 5 * 5 * 7 * 7 = (5 * 7)^2 = 35^2. Therefore, sqrt(1225) = 35.","[""The number ends in 25, so its square root must end in 5."", ""Test 35: 35 * 35 = 1225."", ""The square root is 35.""]","[""Step 1: 1225 = 5 * 245 = 5 * 5 * 49 = 5^2 * 7^2."", ""Step 2: sqrt(1225) = sqrt(5^2 * 7^2) = 5 * 7."", ""Step 3: 5 * 7 = 35.""]","[""Seeing"", ""Doing""]","[""general"", ""space"", ""animals""]",Sparkles
6aad5689c039c717b080ad7c,Cubes and Cube Roots (Prime Factorisation Method) (APPLICATION),Mathematics,8,Class 8,Cubes and Cube Roots,3,3,"Find the cube root of the integer 3,375 using prime factorisation.",multiple_choice,"[""15"", ""25"", ""13"", ""17""]",15,Prime factorisation of 3375 = 3 * 3 * 3 * 5 * 5 * 5 = (3^3) * (5^3). Taking one factor from each triplet gives 3 * 5 = 15.,"[""Group factors into triplets of three identical numbers."", ""3375 = (3 * 3 * 3) * (5 * 5 * 5)."", ""Multiply 3 by 5 to get 15.""]","[""Step 1: 3375 / 3 = 1125 / 3 = 375 / 3 = 125."", ""Step 2: 125 = 5 * 5 * 5. Factors: (3 * 3 * 3) and (5 * 5 * 5)."", ""Step 3: Cube root = 3 * 5 = 15.""]","[""Seeing"", ""Doing""]","[""general"", ""space"", ""animals""]",Sparkles
6aad5689c039c717b080ad7e,Algebraic Expressions and Identities (Standard Identities) (APPLICATION),Mathematics,8,Class 8,Algebraic Expressions and Identities,3,3,Expand the algebraic expression (2x + 3y)^2 using the standard algebraic identity.,multiple_choice,"[""4x^2 + 12xy + 9y^2"", ""4x^2 + 6xy + 9y^2"", ""4x^2 + 9y^2"", ""2x^2 + 6xy + 3y^2""]",4x^2 + 12xy + 9y^2,Using identity (a + b)^2 = a^2 + 2ab + b^2 where a = 2x and b = 3y: (2x)^2 + 2(2x)(3y) + (3y)^2 = 4x^2 + 12xy + 9y^2.,"[""Recall (a + b)^2 = a^2 + 2ab + b^2."", ""Here a = 2x and b = 3y."", ""Middle term is 2 * (2x) * (3y) = 12xy.""]","[""Step 1: Square of first term: (2x)^2 = 4x^2."", ""Step 2: Twice product of terms: 2 * (2x) * (3y) = 12xy."", ""Step 3: Square of second term: (3y)^2 = 9y^2. Total: 4x^2 + 12xy + 9y^2.""]","[""Seeing"", ""Doing""]","[""general"", ""space"", ""animals""]",Sparkles
6aad5689c039c717b080ad80,Mensuration (Surface Area & Volume of Solids) (APPLICATION),Mathematics,8,Class 8,Mensuration (Surface Area & Volume),3,3,"A solid right circular cylinder has a base radius of 7 cm and a height of 10 cm. Using pi = 22/7, what is its volume?",multiple_choice,"[""1,540 cm^3"", ""440 cm^3"", ""770 cm^3"", ""2,200 cm^3""]","1,540 cm^3","Volume = pi * r^2 * h = (22/7) * 7 * 7 * 10 = 22 * 7 * 10 = 154 * 10 = 1,540 cm^3.","[""Volume of a cylinder is pi * r^2 * h."", ""Substitute r = 7 and h = 10."", ""(22/7) * 49 * 10 = 22 * 7 * 10 = 1540.""]","[""Step 1: Formula = pi * r^2 * h."", ""Step 2: Substitute: (22/7) * 7 * 7 * 10."", ""Step 3: 22 * 7 * 10 = 1,540 cm^3.""]","[""Seeing"", ""Doing""]","[""general"", ""space"", ""animals""]",Sparkles
6aad5689c039c717b080ad82,Number Systems (Rationalisation & Irrational Numbers) (APPLICATION),Mathematics,9,Class 9,Number Systems,3,3,Rationalise the denominator of the radical expression: 1 / (sqrt(5) + sqrt(2)),multiple_choice,"[""(sqrt(5) - sqrt(2)) / 3"", ""(sqrt(5) + sqrt(2)) / 3"", ""(sqrt(5) - sqrt(2)) / 7"", ""sqrt(5) - sqrt(2)""]",(sqrt(5) - sqrt(2)) / 3,Multiply numerator and denominator by the conjugate (sqrt(5) - sqrt(2)): (sqrt(5) - sqrt(2)) / ((sqrt(5))^2 - (sqrt(2))^2) = (sqrt(5) - sqrt(2)) / (5 - 2) = (sqrt(5) - sqrt(2)) / 3.,"[""Multiply top and bottom by the conjugate: sqrt(5) - sqrt(2)."", ""In the denominator, apply (a+b)(a-b) = a^2 - b^2."", ""5 - 2 = 3 in the denominator.""]","[""Step 1: Conjugate of (sqrt(5) + sqrt(2)) is (sqrt(5) - sqrt(2))."", ""Step 2: Denominator becomes (sqrt(5))^2 - (sqrt(2))^2 = 5 - 2 = 3."", ""Step 3: Result is (sqrt(5) - sqrt(2)) / 3.""]","[""Seeing"", ""Doing""]","[""general"", ""space"", ""animals""]",Sparkles
6aad5689c039c717b080ad84,Polynomials (Remainder & Factor Theorem) (APPLICATION),Mathematics,9,Class 9,Polynomials,3,3,Find the remainder when polynomial p(x) = 2x^3 - 3x^2 + 4x - 5 is divided by (x - 2).,multiple_choice,"[""7"", ""9"", ""-1"", ""5""]",7,"By the Remainder Theorem, the remainder is p(2). Substitute x = 2: p(2) = 2(2^3) - 3(2^2) + 4(2) - 5 = 2(8) - 3(4) + 8 - 5 = 16 - 12 + 8 - 5 = 7.","[""Substitute x = 2 into the polynomial p(x)."", ""2*(8) - 3*(4) + 4*(2) - 5."", ""16 - 12 + 8 - 5 = 7.""]","[""Step 1: By Remainder Theorem, Remainder = p(2)."", ""Step 2: p(2) = 2(8) - 3(4) + 8 - 5 = 16 - 12 + 8 - 5."", ""Step 3: 4 + 8 - 5 = 7.""]","[""Seeing"", ""Doing""]","[""general"", ""space"", ""animals""]",Sparkles
6aad5689c039c717b080ad86,Coordinate Geometry (Cartesian Plane & Quadrants) (APPLICATION),Mathematics,9,Class 9,Coordinate Geometry,3,3,"In which quadrant of the Cartesian coordinate plane does the point P(-4, 5) lie?",multiple_choice,"[""Quadrant II"", ""Quadrant I"", ""Quadrant III"", ""Quadrant IV""]",Quadrant II,"For point P(-4, 5), the x-coordinate (abscissa) is negative (-4) and the y-coordinate (ordinate) is positive (+5). Points with signs (-, +) lie in Quadrant II.","[""Look at the signs of the coordinates: x is negative, y is positive."", ""Q1 is (+,+), Q2 is (-,+), Q3 is (-,-), Q4 is (+,-)."", ""Therefore, (-4, 5) is in Quadrant II.""]","[""Step 1: Identify sign of x: negative (-4)."", ""Step 2: Identify sign of y: positive (+5)."", ""Step 3: Quadrant with (-, +) is Quadrant II.""]","[""Seeing"", ""Doing""]","[""general"", ""space"", ""animals""]",Sparkles
6aad5689c039c717b080ad88,Linear Equations in Two Variables (Graphs & Solutions) (APPLICATION),Mathematics,9,Class 9,Linear Equations in Two Variables,3,3,"Which of the following ordered pairs (x, y) is a valid solution to the linear equation 3x + 2y = 18?",multiple_choice,"[""(4, 3)"", ""(2, 5)"", ""(5, 2)"", ""(3, 4)""]","(4, 3)","Substitute x = 4, y = 3 into LHS: 3(4) + 2(3) = 12 + 6 = 18. Since LHS = RHS, (4, 3) is a valid solution.","[""Test each option by substituting x and y into 3x + 2y."", ""For (4,3): 3*4 + 2*3 = 12 + 6."", ""12 + 6 = 18, matching the equation.""]","[""Step 1: Test (4, 3): 3(4) + 2(3) = 12 + 6 = 18."", ""Step 2: LHS = RHS = 18."", ""Step 3: (4, 3) is a solution.""]","[""Seeing"", ""Doing""]","[""general"", ""space"", ""animals""]",Sparkles
6aad5689c039c717b080ad8a,"Lines, Angles & Triangle Congruence (SAS, ASA, SSS, RHS) (APPLICATION)",Mathematics,9,Class 9,"Lines, Angles & Triangles",3,3,Which of the following is NOT a valid mathematical criterion for establishing the CONGRUENCE of two triangles?,multiple_choice,"[""AAA (Angle-Angle-Angle)"", ""SAS (Side-Angle-Side)"", ""RHS (Right angle-Hypotenuse-Side)"", ""SSS (Side-Side-Side)""]",AAA (Angle-Angle-Angle),"AAA only guarantees similarity (same shape/proportions), not congruence (same size). A tiny equilateral triangle and a giant equilateral triangle have identical 60° angles but are not congruent.","[""Can two triangles have the same angles but completely different sizes?"", ""Think of scaling or zooming a photo."", ""Equal angles without any side measurement is AAA (similarity, not congruence).""]","[""Step 1: Congruence requires triangles to have identical shape AND size."", ""Step 2: AAA ensures identical angle shape, but size can vary arbitrarily."", ""Step 3: Therefore, AAA is not a congruence criterion.""]","[""Seeing"", ""Doing""]","[""general"", ""space"", ""animals""]",Sparkles
6aad5689c039c717b080ad8c,"Surface Areas and Volumes (Cones, Spheres & Hemispheres) (APPLICATION)",Mathematics,9,Class 9,Surface Areas and Volumes,3,3,A right circular cone has a base radius of 6 cm and a vertical height of 8 cm. What is its slant height (l)?,multiple_choice,"[""10 cm"", ""14 cm"", ""12 cm"", ""7 cm""]",10 cm,Slant height l = sqrt(r^2 + h^2) = sqrt(6^2 + 8^2) = sqrt(36 + 64) = sqrt(100) = 10 cm.,"[""Slant height forms the hypotenuse of a right triangle with radius and height."", ""l^2 = r^2 + h^2."", ""6^2 + 8^2 = 36 + 64 = 100; sqrt(100) = 10 cm.""]","[""Step 1: Formula for slant height: l = sqrt(r^2 + h^2)."", ""Step 2: l = sqrt(6^2 + 8^2) = sqrt(36 + 64) = sqrt(100)."", ""Step 3: l = 10 cm.""]","[""Seeing"", ""Doing""]","[""general"", ""space"", ""animals""]",Sparkles
6aad5689c039c717b080ad8e,Statistics & Probability (Frequency Polygons & Empirical Probability) (APPLICATION),Mathematics,9,Class 9,Statistics & Probability,3,3,"A coin is tossed 500 times with observed frequencies: Head: 240 times, Tail: 260 times. What is the empirical probability of getting a Head?",multiple_choice,"[""0.48"", ""0.52"", ""0.24"", ""0.50""]",0.48,Empirical probability P(Head) = Favorable trials / Total trials = 240 / 500 = 48 / 100 = 0.48.,"[""Number of heads = 240, Total tosses = 500."", ""Divide 240 by 500."", ""240 / 500 = 0.48.""]","[""Step 1: Formula: P(E) = n(E) / N."", ""Step 2: P(Head) = 240 / 500."", ""Step 3: 240 / 500 = 0.48.""]","[""Seeing"", ""Doing""]","[""general"", ""space"", ""animals""]",Sparkles
6aad5689c039c717b080ad90,Real Numbers (Fundamental Theorem of Arithmetic & HCF/LCM) (APPLICATION),Mathematics,10,Class 10,Real Numbers,4,3,"If HCF(306, 657) = 9, what is the LCM(306, 657)?",multiple_choice,"[""22,338"", ""21,114"", ""24,552"", ""18,920""]","22,338","Using formula HCF * LCM = Product of numbers: 9 * LCM = 306 * 657 => LCM = (306 * 657) / 9 = 34 * 657 = 22,338.","[""Use: HCF * LCM = a * b."", ""LCM = (306 * 657) / 9."", ""306 / 9 = 34; 34 * 657 = 22,338.""]","[""Step 1: Formula: LCM(a, b) = (a * b) / HCF(a, b)."", ""Step 2: LCM = (306 * 657) / 9."", ""Step 3: 34 * 657 = 22,338.""]","[""Seeing"", ""Doing""]","[""general"", ""space"", ""animals""]",Sparkles
6aad5689c039c717b080ad92,Polynomials & Quadratic Equations (Discriminant & Roots) (APPLICATION),Mathematics,10,Class 10,Polynomials & Quadratic Equations,4,3,What is the nature of the roots of the quadratic equation 2x^2 - 4x + 3 = 0?,multiple_choice,"[""No real roots (discriminant D < 0)"", ""Two distinct real roots (discriminant D > 0)"", ""Two equal real roots (discriminant D = 0)"", ""Infinitely many real roots""]",No real roots (discriminant D < 0),"Discriminant D = b^2 - 4ac = (-4)^2 - 4(2)(3) = 16 - 24 = -8. Since D < 0, the equation possesses no real roots.","[""Calculate D = b^2 - 4ac."", ""a = 2, b = -4, c = 3."", ""D = 16 - 24 = -8. Since -8 < 0, there are no real roots.""]","[""Step 1: Identify a = 2, b = -4, c = 3."", ""Step 2: D = (-4)^2 - 4(2)(3) = 16 - 24 = -8."", ""Step 3: D < 0 implies no real roots.""]","[""Seeing"", ""Doing""]","[""general"", ""space"", ""animals""]",Sparkles
6aad5689c039c717b080ad94,Pair of Linear Equations in Two Variables (Consistency & Methods) (APPLICATION),Mathematics,10,Class 10,Pair of Linear Equations in Two Variables,4,3,Under what condition does a pair of linear equations a1*x + b1*y + c1 = 0 and a2*x + b2*y + c2 = 0 represent PARALLEL lines with NO solution?,multiple_choice,"[""a1/a2 = b1/b2 != c1/c2"", ""a1/a2 != b1/b2"", ""a1/a2 = b1/b2 = c1/c2"", ""a1*a2 + b1*b2 = 0""]",a1/a2 = b1/b2 != c1/c2,"When ratio of x-coefficients equals ratio of y-coefficients but differs from ratio of constant terms (a1/a2 = b1/b2 != c1/c2), the lines are parallel and possess no common solution point.","[""Parallel lines have equal slopes but different intercepts."", ""Equal slopes means a1/a2 = b1/b2."", ""Different intercepts means != c1/c2.""]","[""Step 1: Intersecting (unique) = a1/a2 != b1/b2."", ""Step 2: Coincident (infinite) = a1/a2 = b1/b2 = c1/c2."", ""Step 3: Parallel (no solution) = a1/a2 = b1/b2 != c1/c2.""]","[""Seeing"", ""Doing""]","[""general"", ""space"", ""animals""]",Sparkles
6aad5689c039c717b080ad96,Arithmetic Progressions (AP nth Term & Sum Formulae) (APPLICATION),Mathematics,10,Class 10,Arithmetic Progressions (AP),4,3,"Find the 12th term of the Arithmetic Progression (AP): 3, 8, 13, 18, ...",multiple_choice,"[""58"", ""63"", ""53"", ""68""]",58,"Here first term a = 3, common difference d = 8 - 3 = 5. Using a_n = a + (n - 1)d: a_12 = 3 + (12 - 1)*5 = 3 + 11*5 = 3 + 55 = 58.","[""First term a = 3, common difference d = 5."", ""Formula: a_n = a + (n - 1)d."", ""a_12 = 3 + 11*5 = 3 + 55 = 58.""]","[""Step 1: a = 3, d = 5, n = 12."", ""Step 2: a_12 = 3 + (12 - 1) * 5."", ""Step 3: 3 + 55 = 58.""]","[""Seeing"", ""Doing""]","[""general"", ""space"", ""animals""]",Sparkles
6aad5689c039c717b080ad98,Triangles & Coordinate Geometry (Thales Theorem & Distance) (APPLICATION),Mathematics,10,Class 10,Triangles & Coordinate Geometry,4,3,"Find the distance between the two coordinate points A(2, 3) and B(6, 6) in the Cartesian plane.",multiple_choice,"[""5 units"", ""7 units"", ""25 units"", ""sqrt(7) units""]",5 units,Distance d = sqrt((x2 - x1)^2 + (y2 - y1)^2) = sqrt((6 - 2)^2 + (6 - 3)^2) = sqrt(4^2 + 3^2) = sqrt(16 + 9) = sqrt(25) = 5 units.,"[""Use the distance formula: d = sqrt((x2 - x1)^2 + (y2 - y1)^2)."", ""(6 - 2) = 4 and (6 - 3) = 3."", ""sqrt(16 + 9) = sqrt(25) = 5.""]","[""Step 1: dx = 6 - 2 = 4; dy = 6 - 3 = 3."", ""Step 2: d^2 = 4^2 + 3^2 = 16 + 9 = 25."", ""Step 3: d = sqrt(25) = 5 units.""]","[""Seeing"", ""Doing""]","[""general"", ""space"", ""animals""]",Sparkles
6aad5689c039c717b080ad9a,Introduction to Trigonometry (Ratios & Standard Identities) (APPLICATION),Mathematics,10,Class 10,Introduction to Trigonometry,4,3,"If sin(theta) = 3/5 for an acute angle theta, what is the value of cos(theta)?",multiple_choice,"[""4/5"", ""3/4"", ""5/4"", ""1/5""]",4/5,Using identity sin^2(theta) + cos^2(theta) = 1: cos(theta) = sqrt(1 - sin^2(theta)) = sqrt(1 - (3/5)^2) = sqrt(1 - 9/25) = sqrt(16/25) = 4/5.,"[""Use the Pythagorean trigonometric identity: cos^2(theta) = 1 - sin^2(theta)."", ""1 - (3/5)^2 = 1 - 9/25 = 16/25."", ""sqrt(16/25) = 4/5.""]","[""Step 1: Formula: cos(theta) = sqrt(1 - sin^2(theta))."", ""Step 2: 1 - (9/25) = 16/25."", ""Step 3: sqrt(16/25) = 4/5.""]","[""Seeing"", ""Doing""]","[""general"", ""space"", ""animals""]",Sparkles
6aad5689c039c717b080ad9c,Applications of Trigonometry (Heights and Distances) (APPLICATION),Mathematics,10,Class 10,Applications of Trigonometry (Heights & Distances),4,3,"A person stands 30 meters away from the base of a vertical mobile tower. If the angle of elevation of the top of the tower is 45°, what is the height of the tower?",multiple_choice,"[""30 meters"", ""15 meters"", ""30*sqrt(3) meters"", ""60 meters""]",30 meters,In right triangle: tan(45°) = Height / Distance => 1 = Height / 30 => Height = 30 meters.,"[""tan(theta) = Opposite / Adjacent = Height / 30."", ""What is the value of tan(45\u00b0)? It is 1."", ""Height = 30 * 1 = 30 meters.""]","[""Step 1: Set up trigonometric ratio: tan(45\u00b0) = h / 30."", ""Step 2: Recall tan(45\u00b0) = 1."", ""Step 3: h = 30 * 1 = 30 meters.""]","[""Seeing"", ""Doing""]","[""general"", ""space"", ""animals""]",Sparkles
6aad5689c039c717b080ad9e,Statistics and Probability (Grouped Mean & Classical Probability) (APPLICATION),Mathematics,10,Class 10,Statistics and Probability,4,3,One card is drawn at random from a well-shuffled standard deck of 52 playing cards. What is the probability of drawing a Queen?,multiple_choice,"[""1/13"", ""1/52"", ""1/4"", ""4/13""]",1/13,There are 4 Queens in a standard deck of 52 cards. Probability P(Queen) = Favorable outcomes / Total outcomes = 4 / 52 = 1 / 13.,"[""How many Queens are in a standard 52-card deck?"", ""There are 4 Queens."", ""Divide 4 by 52 to get 1/13.""]","[""Step 1: Number of favorable outcomes n(E) = 4 Queens."", ""Step 2: Total sample space n(S) = 52 cards."", ""Step 3: P(E) = 4 / 52 = 1 / 13.""]","[""Seeing"", ""Doing""]","[""general"", ""space"", ""animals""]",Sparkles
6aad5689c039c717b080ada0,My Body & Senses (APPLICATION),Science,1,Class 1,My Body & Senses,1,3,Which wonderful sensory organ allows you to listen to school bells ringing and your favorite music?,multiple_choice,"[""Ears"", ""Eyes"", ""Nose"", ""Tongue""]",Ears,"Ears detect sound waves from the air, allowing us to hear speech, music, and warning bells.","[""You have two of them on the sides of your head."", ""They catch vibrations of sound."", ""Ears are for hearing.""]","[""Step 1: Action = listening to sound."", ""Step 2: Organ for hearing = Ears."", ""Step 3: Select 'Ears'.""]","[""Seeing"", ""Doing""]","[""general"", ""space"", ""animals""]",Sparkles
6aad5689c039c717b080ada2,Animals Around Us (APPLICATION),Science,1,Class 1,Animals Around Us,1,3,"Which gentle domestic animal provides us with fresh, calcium-rich milk every day?",multiple_choice,"[""Cow"", ""Lion"", ""Eagle"", ""Crocodile""]",Cow,Cows are gentle herbivorous domestic animals that provide nutritious milk for humans.,"[""It says 'moo' and lives on a farm."", ""It eats green grass and hay."", ""The cow gives milk.""]","[""Step 1: Characteristic = provides milk on farms."", ""Step 2: Match with domestic herbivore: Cow."", ""Step 3: Choose 'Cow'.""]","[""Seeing"", ""Doing""]","[""general"", ""space"", ""animals""]",Sparkles
6aad5689c039c717b080ada4,Plants & Green Friends (APPLICATION),Science,1,Class 1,Plants & Green Friends,1,3,Which part of a plant grows underground and drinks water from the soil to help the plant grow?,multiple_choice,"[""Roots"", ""Flower"", ""Fruit"", ""Leaf""]",Roots,Roots spread through the soil beneath the ground to absorb water and nutrients for the entire plant.,"[""This plant part is hidden beneath the soil."", ""It holds the plant firmly like an anchor."", ""Roots absorb water.""]","[""Step 1: Location = underground."", ""Step 2: Function = absorbs water."", ""Step 3: Plant part is Roots.""]","[""Seeing"", ""Doing""]","[""general"", ""space"", ""animals""]",Sparkles
6aad5689c039c717b080ada6,"Sun, Moon and Stars (APPLICATION)",Science,1,Class 1,"Sun, Moon and Stars",1,3,"What bright celestial body shines in the daytime sky, giving our planet Earth bright light and warmth?",multiple_choice,"[""The Sun"", ""The Moon"", ""Comets"", ""Distant Stars""]",The Sun,The Sun illuminates our sky during daytime and radiates the heat that warms the Earth.,"[""It rises in the East and sets in the West."", ""It makes the daytime bright and warm."", ""It is the Sun.""]","[""Step 1: Time = daytime sky."", ""Step 2: Provides = light and heat."", ""Step 3: Choose 'The Sun'.""]","[""Seeing"", ""Doing""]","[""general"", ""space"", ""animals""]",Sparkles
6aad5689c039c717b080ada8,Our Food & Healthy Eating (APPLICATION),Science,2,Class 2,Our Food & Healthy Eating,2,3,Which of the following healthy foods is obtained directly from domestic farm ANIMALS?,multiple_choice,"[""Fresh milk"", ""Wheat flour"", ""Ripe bananas"", ""Green spinach leaves""]",Fresh milk,"Milk is obtained from dairy animals such as cows, buffaloes, and goats. Wheat, bananas, and spinach come from plants.","[""Wheat, bananas, and spinach grow on plants in the soil."", ""Cows and goats provide this white drink."", ""Milk comes from animals.""]","[""Step 1: Identify animal source."", ""Step 2: Cows produce milk."", ""Step 3: Select 'Fresh milk'.""]","[""Seeing"", ""Doing""]","[""general"", ""space"", ""animals""]",Sparkles
6aad5689c039c717b080adaa,Water - Every Drop Counts (APPLICATION),Science,2,Class 2,Water - Every Drop Counts,2,3,"What is the primary natural source of fresh water on Earth that fills our rivers, lakes, and ponds?",multiple_choice,"[""Rain"", ""Sea water"", ""Swimming pools"", ""Plastic bottles""]",Rain,"Rain is the primary natural source of freshwater that fills rivers, lakes, and recharges underground groundwater.","[""It falls from gray clouds in the monsoon sky."", ""It is fresh, sweet water, unlike salty ocean water."", ""Rain fills rivers and lakes.""]","[""Step 1: Primary natural source = Rain."", ""Step 2: Replenishes rivers and groundwater."", ""Step 3: Choose 'Rain'.""]","[""Seeing"", ""Doing""]","[""general"", ""space"", ""animals""]",Sparkles
6aad5689c039c717b080adac,Shelters of Living Things (APPLICATION),Science,2,Class 2,Shelters of Living Things,2,3,"Which cozy shelter does a mother bird carefully build with twigs, grass, and leaves to protect her fragile eggs?",multiple_choice,"[""A nest"", ""A kennel"", ""A beehive"", ""A spider web""]",A nest,Birds construct nests in tree branches or safe crevices to lay eggs and nurture their baby chicks.,"[""It is built high up in tree branches using dry twigs."", ""Baby birds hatch out of eggs inside it."", ""Birds build nests.""]","[""Step 1: Creature = bird."", ""Step 2: Bird shelter = nest."", ""Step 3: Select 'A nest'.""]","[""Seeing"", ""Doing""]","[""general"", ""space"", ""animals""]",Sparkles
6aad5689c039c717b080adae,Seasons and Weather (APPLICATION),Science,2,Class 2,Seasons and Weather,2,3,"During which chilly season do people wear warm woolen sweaters, woolen caps, and jackets?",multiple_choice,"[""Winter"", ""Summer"", ""Monsoon"", ""Spring""]",Winter,"Winter is the cold season when temperatures drop, so people wear woolen garments to trap body heat.","[""Think about when it feels frosty and cold outside."", ""You drink hot soup and wear sweaters."", ""It is winter.""]","[""Step 1: Woolen clothes provide warmth."", ""Step 2: Needed when temperatures are cold."", ""Step 3: Cold season = Winter.""]","[""Seeing"", ""Doing""]","[""general"", ""space"", ""animals""]",Sparkles
6aad5689c039c717b080adb0,The Plant Fairy & Photosynthesis Basics (APPLICATION),Science,3,Class 3,The Plant Fairy & Green Friends,2,3,What special green substance inside plant leaves traps sunlight so the plant can prepare its own food?,multiple_choice,"[""Chlorophyll"", ""Mud"", ""Honey"", ""Wax""]",Chlorophyll,Chlorophyll is the green pigment in leaves that absorbs solar energy to synthesize food during photosynthesis.,"[""It gives leaves their bright green color."", ""It starts with the letter 'C'."", ""It is called chlorophyll.""]","[""Step 1: Green pigment in leaves."", ""Step 2: Traps sunlight for food."", ""Step 3: Answer is Chlorophyll.""]","[""Seeing"", ""Doing""]","[""general"", ""space"", ""animals""]",Sparkles
6aad5689c039c717b080adb2,Water O' Water! (States of Water) (APPLICATION),Science,3,Class 3,Water O' Water!,2,3,"When liquid water is placed in a deep freezer and becomes freezing cold, which solid form does it turn into?",multiple_choice,"[""Ice"", ""Steam"", ""Smoke"", ""Lava""]",Ice,"Liquid water freezes at 0°C to form ice, which is the solid state of water.","[""Think about ice cubes in a cold summer drink."", ""Ice is cold and hard."", ""Water freezes into ice.""]","[""Step 1: Liquid water cools below freezing."", ""Step 2: State changes from liquid to solid."", ""Step 3: Solid water = Ice.""]","[""Seeing"", ""Doing""]","[""general"", ""space"", ""animals""]",Sparkles
6aad5689c039c717b080adb4,Our Friends - Animals (Feeding Habits) (APPLICATION),Science,3,Class 3,Our Friends - Animals,2,3,"What scientific term describes animals like cows, horses, and deer that eat ONLY grass, leaves, and plants?",multiple_choice,"[""Herbivores"", ""Carnivores"", ""Omnivores"", ""Parasites""]",Herbivores,Herbivores are animals that feed exclusively on plants and plant products.,"[""'Herb' means plant."", ""Herbivores eat herbs, grass, and leaves."", ""Cows and deer are herbivores.""]","[""Step 1: Diet = plants and grass only."", ""Step 2: Prefix 'Herb-' = plant."", ""Step 3: Term is Herbivores.""]","[""Seeing"", ""Doing""]","[""general"", ""space"", ""animals""]",Sparkles
6aad5689c039c717b080adb6,From Here to There (Transport Systems) (APPLICATION),Science,3,Class 3,From Here to There (Transport & Energy),2,3,Which specialized pathway does a heavy passenger train need to travel safely across long distances?,multiple_choice,"[""Steel railway tracks"", ""Open ocean water"", ""Muddy footpaths"", ""Air runways""]",Steel railway tracks,Trains run on designated iron/steel railway tracks that support their heavy weight and guide their wheels.,"[""Look at a train station."", ""Trains have grooved metal wheels that fit into steel tracks."", ""They run on railway tracks.""]","[""Step 1: Vehicle = Train."", ""Step 2: Required surface = Railway tracks."", ""Step 3: Select 'Steel railway tracks'.""]","[""Seeing"", ""Doing""]","[""general"", ""space"", ""animals""]",Sparkles
6aad5689c039c717b080adb8,Going to School & Geography (Bridges) (APPLICATION),Science,4,Class 4,Going to School & Geography,3,3,In which northeastern state of India do children walk across elevated bamboo and rope bridges to reach school because of heavy monsoon rain?,multiple_choice,"[""Assam"", ""Rajasthan"", ""Gujarat"", ""Punjab""]",Assam,"Assam receives intense monsoon rainfall that floods rivers, so communities build raised bamboo bridges for safe crossing.","[""It is famous for tea gardens and the Brahmaputra river."", ""It is in Northeast India."", ""The state is Assam.""]","[""Step 1: Clue = heavy rainfall and bamboo bridges."", ""Step 2: Match state = Assam."", ""Step 3: Select 'Assam'.""]","[""Seeing"", ""Doing""]","[""general"", ""space"", ""animals""]",Sparkles
6aad5689c039c717b080adba,Anita and the Honeybees (Bee Colony Castes) (APPLICATION),Science,4,Class 4,Anita and the Honeybees,3,3,"In a honeybee colony, which single specialized female bee is responsible for laying all the eggs to grow the colony?",multiple_choice,"[""The Queen bee"", ""The Worker bee"", ""The Drone bee"", ""The Soldier bee""]",The Queen bee,The Queen bee is the sole fertile female in the hive whose primary biological responsibility is laying eggs.,"[""She is the largest bee in the hive."", ""She lays up to 2,000 eggs a day."", ""She is the Queen bee.""]","[""Step 1: Role = laying eggs in colony."", ""Step 2: Female caste = Queen bee."", ""Step 3: Choose 'The Queen bee'.""]","[""Seeing"", ""Doing""]","[""general"", ""space"", ""animals""]",Sparkles
6aad5689c039c717b080adbc,A River's Tale (Water Pollution) (APPLICATION),Science,4,Class 4,A River's Tale (Aquatic Ecology),3,3,"As a clear mountain river flows past large cities and industrial zones, what primarily causes its water to turn dirty and unsafe for drinking?",multiple_choice,"[""Dumping of factory chemical waste and untreated city sewage"", ""Fish swimming in the water"", ""Sunlight shining on the water"", ""Clean mountain snow melting into it""]",Dumping of factory chemical waste and untreated city sewage,"Industrial effluents, chemical dumping, and domestic sewage pollute river ecosystems, threatening aquatic life and making water toxic.","[""Fish and sunlight are natural."", ""Pollution comes from human factories and cities dumping waste."", ""Factory waste and sewage.""]","[""Step 1: Identify pollutant source = human factories and cities."", ""Step 2: Mechanism = dumping untreated waste."", ""Step 3: Choose factory waste and sewage.""]","[""Seeing"", ""Doing""]","[""general"", ""space"", ""animals""]",Sparkles
6aad5689c039c717b080adbe,From Seed to Sprout (Seed Germination) (APPLICATION),Science,4,Class 4,From Seed to Sprout (Plant Life Cycle),3,3,Which combination of essential environmental conditions does a dormant bean seed need to successfully sprout (germinate)?,multiple_choice,"[""Water, Air, and Warmth"", ""Complete darkness and freezing ice"", ""Only dry chemical fertilizer"", ""No water and zero air""]","Water, Air, and Warmth","Seeds need water to activate metabolic enzymes, air (oxygen) for respiration, and suitable warmth to grow into seedlings.","[""Without water a seed stays dry and dormant."", ""It also needs air to breathe and warmth."", ""Water, Air, and Warmth.""]","[""Step 1: Seeds require hydration = Water."", ""Step 2: Seeds require respiration = Air."", ""Step 3: Seeds require temperature = Warmth.""]","[""Seeing"", ""Doing""]","[""general"", ""space"", ""animals""]",Sparkles
6aad5689c039c717b080adc0,Super Senses (Animal Sensory Biology) (APPLICATION),Science,5,Class 5,Super Senses (Animal Sensory Biology),3,3,"When marching in an organized straight line toward sugar, what do worker ants leave on the ground for other ants to follow?",multiple_choice,"[""A trail of chemical smell (pheromones)"", ""Tiny footprints carved in stone"", ""Flashing colorful light signals"", ""A trail of salt crystals""]",A trail of chemical smell (pheromones),Ants secrete chemical scent markers (pheromones) that other colony members detect with their antennae to follow the trail.,"[""They use their sense of smell."", ""The lead ant leaves a scented chemical trail."", ""They leave a trail of smell (pheromones).""]","[""Step 1: Behavior = ants walking in line."", ""Step 2: Communication medium = chemical scent."", ""Step 3: Answer is pheromone smell trail.""]","[""Seeing"", ""Doing""]","[""general"", ""space"", ""animals""]",Sparkles
6aad5689c039c717b080adc2,From Tasting to Digesting (Human Digestion) (APPLICATION),Science,5,Class 5,From Tasting to Digesting,3,3,Where in the human body does the very FIRST step of digestion begin as food is chewed and mixed with saliva?,multiple_choice,"[""In the mouth"", ""In the stomach"", ""In the small intestine"", ""In the lungs""]",In the mouth,Digestion begins in the mouth where teeth mechanically break down food and saliva enzymatically starts digesting starches.,"[""Think about where food enters your body first."", ""Your teeth chew it and saliva mixes with it."", ""Digestion starts in the mouth.""]","[""Step 1: First point of digestive tract = Mouth."", ""Step 2: Mechanical chewing + salivary amylase."", ""Step 3: Select 'In the mouth'.""]","[""Seeing"", ""Doing""]","[""general"", ""space"", ""animals""]",Sparkles
6aad5689c039c717b080adc4,Experiments with Water (Density & Buoyancy) (APPLICATION),Science,5,Class 5,Experiments with Water (Density & Buoyancy),3,3,A fresh egg sinks to the bottom in plain tap water. What happens when you dissolve plenty of table salt into the water?,multiple_choice,"[""The egg floats to the top"", ""The egg explodes instantly"", ""The egg turns into ice"", ""The egg dissolves completely""]",The egg floats to the top,"Dissolving salt increases water density. When the salty water becomes denser than the egg, the buoyant force pushes the egg up to float.","[""Salt makes water heavier and denser."", ""Dense liquid pushes objects upward."", ""The egg floats to the top.""]","[""Step 1: Plain water: Egg density > Water density (sinks)."", ""Step 2: Add salt: Salty water density > Egg density."", ""Step 3: The egg floats.""]","[""Seeing"", ""Doing""]","[""general"", ""space"", ""animals""]",Sparkles
6aad5689c039c717b080adc6,Sunita in Space (Gravitation & Microgravity) (APPLICATION),Science,5,Class 5,Sunita in Space (Gravitation & Astronomy),3,3,"When astronaut Sunita Williams lived aboard the International Space Station, why did her hair stand up and her food float in mid-air?",multiple_choice,"[""Because of microgravity (apparent weightlessness in orbit)"", ""Because giant fans blew air upwards constantly"", ""Because space capsules have magnetic floors"", ""Because there was no air inside the cabin""]",Because of microgravity (apparent weightlessness in orbit),"In orbit, the spacecraft and astronauts are in continuous free fall, creating apparent weightlessness (microgravity) where objects float.","[""There is normal breathable air inside the station."", ""Objects float because gravity isn't pulling them onto a floor."", ""It is due to microgravity.""]","[""Step 1: Phenomenon = floating in space station."", ""Step 2: Cause = orbital free fall (microgravity)."", ""Step 3: Choose microgravity.""]","[""Seeing"", ""Doing""]","[""general"", ""space"", ""animals""]",Sparkles
6aad5689c039c717b080adc8,Components of Food & Nutrition (APPLICATION),Science,6,Class 6,Components of Food & Nutrition,2,3,A child has bleeding gums and wounds that take an unusually long time to heal. Which nutrient deficiency is the child most likely suffering from?,multiple_choice,"[""Vitamin C deficiency (Scurvy)"", ""Iron deficiency (Anaemia)"", ""Vitamin A deficiency (Night blindness)"", ""Vitamin D deficiency (Rickets)""]",Vitamin C deficiency (Scurvy),"Bleeding gums and delayed wound healing are classic symptoms of scurvy, caused by a lack of Vitamin C found in citrus fruits like lemons and amla.","[""Think about citrus fruits like oranges, lemons, and amla."", ""Which vitamin keeps gums and skin healthy?"", ""Deficiency of Vitamin C causes scurvy.""]","[""Step 1: Identify symptoms: bleeding gums, slow wound healing."", ""Step 2: Match symptoms to deficiency disease: Scurvy."", ""Step 3: Scurvy is caused by Vitamin C deficiency.""]","[""Seeing"", ""Doing""]","[""general"", ""space"", ""animals""]",Sparkles
6aad5689c039c717b080adca,Sorting Materials into Groups (Properties of Materials) (APPLICATION),Science,6,Class 6,Sorting Materials into Groups,2,3,An oily patch on a sheet of notebook paper allows you to see the light of an electric bulb dimly and blurred. The oily paper is classified as:,multiple_choice,"[""Translucent"", ""Transparent"", ""Opaque"", ""Luminous""]",Translucent,"Materials through which objects can be seen, but not clearly, are called translucent. An oily patch makes paper translucent.","[""Can you see clearly through it? No, only dimly."", ""Is it completely blocked? No."", ""A material that lets partial light through is called translucent.""]","[""Step 1: Assess light transmission: partial/blurred."", ""Step 2: Recall definitions: Transparent = clear, Opaque = no light, Translucent = partial light."", ""Step 3: The correct term is Translucent.""]","[""Seeing"", ""Doing""]","[""general"", ""space"", ""animals""]",Sparkles
6aad5689c039c717b080adcc,Separation of Substances (Methods of Separation) (APPLICATION),Science,6,Class 6,Separation of Substances,2,3,A farmer drops a mixture of harvested wheat grains and dry husk from a height in the direction of blowing wind. The lighter husk blows away while grains fall straight down. What is this process called?,multiple_choice,"[""Winnowing"", ""Threshing"", ""Sieving"", ""Sedimentation""]",Winnowing,"Winnowing is the method used to separate heavier and lighter components of a mixture by wind or by blowing air, commonly used by farmers to separate husk from grains.","[""Wind is used to blow away the lighter component."", ""Threshing beats the stalks; winnowing uses wind."", ""The process is winnowing.""]","[""Step 1: Identify components: heavy grains + light husk."", ""Step 2: Mechanism: wind separates by weight."", ""Step 3: This process is called Winnowing.""]","[""Seeing"", ""Doing""]","[""general"", ""space"", ""animals""]",Sparkles
6aad5689c039c717b080adce,Getting to Know Plants (Structure & Leaf Venation) (APPLICATION),Science,6,Class 6,Getting to Know Plants,2,3,A student observes that grass leaves have veins running parallel to one another. What type of root system will this grass plant have?,multiple_choice,"[""Fibrous root system"", ""Taproot system with lateral roots"", ""Aerial prop root system"", ""Tuberous root system""]",Fibrous root system,"Leaves with parallel venation are consistently paired with fibrous root systems, whereas leaves with reticulate venation are associated with taproots.","[""Grass has parallel venation."", ""Does grass have one thick carrot-like taproot or a bundle of thin roots?"", ""Parallel venation pairs with fibrous roots.""]","[""Step 1: Identify venation type: parallel."", ""Step 2: Recall rule: Parallel venation = Fibrous roots; Reticulate venation = Taproot."", ""Step 3: Therefore, grass has fibrous roots.""]","[""Seeing"", ""Doing""]","[""general"", ""space"", ""animals""]",Sparkles
6aad5689c039c717b080add0,Body Movements & Skeletal System (Joints) (APPLICATION),Science,6,Class 6,Body Movements & Skeletal System,2,3,Which joint in the human skeleton allows maximum movement in all directions (full rotational swinging)?,multiple_choice,"[""Ball and socket joint (shoulder and hip)"", ""Hinge joint (elbow and knee)"", ""Pivotal joint (neck)"", ""Fixed joint (cranium)""]",Ball and socket joint (shoulder and hip),"The ball-and-socket joint, where the rounded head of one bone fits into the cavity of another, permits rotational movement in all directions.","[""Can your elbow rotate in a full circle? No."", ""Can your shoulder swing an arm around in circles? Yes."", ""The joint is the ball and socket joint.""]","[""Step 1: Hinge joint = 1 direction (back and forth)."", ""Step 2: Fixed joint = no movement."", ""Step 3: Ball and socket joint = movement in all directions.""]","[""Seeing"", ""Doing""]","[""general"", ""space"", ""animals""]",Sparkles
6aad5689c039c717b080add2,Electricity and Circuits (Conductors & Insulators) (APPLICATION),Science,6,Class 6,Electricity and Circuits,2,3,An electrician wears thick rubber gloves while repairing a live electric switchboard. Why are rubber gloves used?,multiple_choice,"[""Rubber is a poor conductor of electricity (insulator) and prevents electric shocks"", ""Rubber attracts electric current away from the switchboard"", ""Rubber acts as a strong conductor, helping the circuit complete quickly"", ""Rubber generates electrical power to test the switchboard""]",Rubber is a poor conductor of electricity (insulator) and prevents electric shocks,"Rubber is an electrical insulator. It does not allow electric current to pass through it, thereby protecting the electrician from dangerous electric shocks.","[""Does electricity flow through rubber?"", ""Rubber does not conduct electricity."", ""It acts as an insulator to prevent electric shocks.""]","[""Step 1: Identify material: rubber."", ""Step 2: Electrical property of rubber: insulator (does not allow current to pass)."", ""Step 3: Purpose: protects human body from electric shock.""]","[""Seeing"", ""Doing""]","[""general"", ""space"", ""animals""]",Sparkles
6aad5689c039c717b080add4,Fun with Magnets (Magnetic Poles & Properties) (APPLICATION),Science,6,Class 6,Fun with Magnets,2,3,"When the North pole of a bar magnet is brought close to the North pole of another freely suspended bar magnet, what happens?",multiple_choice,"[""The two magnets repel (push away from each other)"", ""The two magnets attract (pull together strongly)"", ""Both magnets lose their magnetism immediately"", ""They rotate until their North poles stick together permanently""]",The two magnets repel (push away from each other),"The fundamental law of magnetism states that like poles repel each other and unlike poles attract. Thus, North pole repels North pole.","[""Are the two poles the same (like) or opposite (unlike)?"", ""They are both North poles (like poles)."", ""Like poles repel each other.""]","[""Step 1: Identify poles being brought together: North and North."", ""Step 2: Rule of magnetism: Like poles repel; unlike poles attract."", ""Step 3: Outcome: They repel each other.""]","[""Seeing"", ""Doing""]","[""general"", ""space"", ""animals""]",Sparkles
6aad5689c039c717b080add6,Nutrition in Plants (Photosynthesis & Heterotrophs) (APPLICATION),Science,7,Class 7,Nutrition in Plants,3,3,Why does a pitcher plant trap and digest insects even though it has green leaves and performs photosynthesis?,multiple_choice,"[""To obtain essential nitrogen compounds lacking in the soil where it grows"", ""Because it cannot perform photosynthesis or make its own food"", ""To absorb water that it cannot get through its roots"", ""To protect neighboring plants from insect infestations""]",To obtain essential nitrogen compounds lacking in the soil where it grows,"Pitcher plants grow in nitrogen-deficient soil. While they are green and perform photosynthesis to produce carbohydrates, they digest insects to obtain required nitrogen compounds.","[""Does the pitcher plant have chlorophyll? Yes, it is green."", ""What essential nutrient is missing in boggy soil?"", ""It digests insects to get nitrogen.""]","[""Step 1: Note that pitcher plants have chlorophyll and make sugar."", ""Step 2: They grow in marshy bogs lacking nitrogen."", ""Step 3: Insect digestion supplies nitrogen compounds.""]","[""Seeing"", ""Doing""]","[""general"", ""space"", ""animals""]",Sparkles
6aad5689c039c717b080add8,Nutrition in Animals (Digestive System & Ruminants) (APPLICATION),Science,7,Class 7,Nutrition in Animals,3,3,Which organ in the human digestive system is primarily responsible for the absorption of digested nutrients into the bloodstream via villi?,multiple_choice,"[""Small intestine"", ""Stomach"", ""Large intestine"", ""Esophagus""]",Small intestine,"The inner wall of the small intestine has millions of microscopic finger-like projections called villi, which provide enormous surface area for absorbing digested nutrients into the bloodstream.","[""Villi are finger-like projections."", ""Where does the final absorption of food occur?"", ""It takes place in the small intestine.""]","[""Step 1: Stomach begins protein digestion."", ""Step 2: Large intestine absorbs water."", ""Step 3: Small intestine absorbs digested food nutrients through villi.""]","[""Seeing"", ""Doing""]","[""general"", ""space"", ""animals""]",Sparkles
6aad5689c039c717b080adda,"Heat & Temperature (Conduction, Convection & Radiation) (APPLICATION)",Science,7,Class 7,Heat & Temperature,3,3,How does heat energy travel from the Sun across empty space to reach Earth?,multiple_choice,"[""Radiation"", ""Conduction"", ""Convection"", ""Advection""]",Radiation,"Since outer space between the Sun and Earth is a vacuum devoid of any material medium, heat can only travel through electromagnetic waves by radiation.","[""Is there air in deep space to carry heat by convection?"", ""Can heat touch Earth by conduction without touching material?"", ""Heat through empty vacuum travels by radiation.""]","[""Step 1: Conduction and convection require matter (solid, liquid, gas)."", ""Step 2: Space between Sun and Earth is a vacuum."", ""Step 3: Only radiation transfers heat through a vacuum.""]","[""Seeing"", ""Doing""]","[""general"", ""space"", ""animals""]",Sparkles
6aad5689c039c717b080addc,"Acids, Bases and Salts (Indicators & Neutralisation) (APPLICATION)",Science,7,Class 7,"Acids, Bases and Salts",3,3,"When a drop of lemon juice (acid) is placed on moist turmeric paper, what color change is observed?",multiple_choice,"[""It remains yellow (no color change)"", ""It turns deep red immediately"", ""It turns dark blue"", ""It turns completely colorless""]",It remains yellow (no color change),"Turmeric is a natural indicator that turns reddish-brown in basic solutions (like soap or lime water), but remains yellow in acidic and neutral solutions.","[""Turmeric turns reddish-brown with soap (base)."", ""Lemon juice is an acid."", ""Turmeric remains yellow in acid.""]","[""Step 1: Turmeric turns reddish-brown only with bases."", ""Step 2: Lemon juice contains citric acid (acidic)."", ""Step 3: Therefore, turmeric remains yellow.""]","[""Seeing"", ""Doing""]","[""general"", ""space"", ""animals""]",Sparkles
6aad5689c039c717b080adde,Physical and Chemical Changes (Rusting & Crystallisation) (APPLICATION),Science,7,Class 7,Physical and Chemical Changes,3,3,Which of the following processes represents a CHEMICAL change?,multiple_choice,"[""Rusting of an iron gate exposed to moist air"", ""Melting of wax on a warm plate"", ""Dissolving common salt in a glass of water"", ""Boiling water to produce steam""]",Rusting of an iron gate exposed to moist air,"Rusting is a chemical change because iron reacts with atmospheric oxygen and water vapor to form a chemically new substance, hydrated iron(III) oxide (rust).","[""Can the change be reversed easily?"", ""In which process is a completely new chemical substance formed?"", ""Rust is a new compound (iron oxide).""]","[""Step 1: Melting and boiling are physical phase changes."", ""Step 2: Dissolving salt is reversible by evaporation."", ""Step 3: Rusting creates a new chemical compound (rust), making it a chemical change.""]","[""Seeing"", ""Doing""]","[""general"", ""space"", ""animals""]",Sparkles
6aad5689c039c717b080ade0,Respiration in Organisms (Aerobic vs Anaerobic) (APPLICATION),Science,7,Class 7,Respiration in Organisms,3,3,"During an intense 100-meter sprint, an athlete experiences severe cramps in their leg muscles. What substance accumulation causes these cramps?",multiple_choice,"[""Lactic acid"", ""Carbonic acid"", ""Acetic acid"", ""Hydrochloric acid""]",Lactic acid,"During strenuous exercise, muscle cells respire anaerobically due to temporary oxygen scarcity, partially breaking down glucose into lactic acid, which accumulates and causes muscle cramps.","[""Muscle cramps occur when oxygen supply is insufficient."", ""Glucose breaks down anaerobically in human muscles."", ""The accumulated compound is lactic acid.""]","[""Step 1: Strenuous exercise leads to oxygen deficit in muscles."", ""Step 2: Anaerobic respiration occurs in muscle cells."", ""Step 3: Glucose -> Lactic acid + energy; lactic acid accumulation causes cramps.""]","[""Seeing"", ""Doing""]","[""general"", ""space"", ""animals""]",Sparkles
6aad5689c039c717b080ade2,Electric Current and its Effects (Electromagnets & Heating) (APPLICATION),Science,7,Class 7,Electric Current and its Effects,3,3,An electric safety fuse wire melts and breaks the circuit whenever excessive current flows. What property makes fuse wire suitable for this safety function?,multiple_choice,"[""It has a low melting point so it melts rapidly under excess heat"", ""It has infinite electrical resistance so current never flows"", ""It is an insulator that repels electric current"", ""It has an extremely high melting point that withstands lightning""]",It has a low melting point so it melts rapidly under excess heat,"A fuse wire is made of an alloy with a low melting point. When excessive current produces heating, the wire melts quickly, safely breaking the circuit to prevent electrical fires.","[""A fuse is designed to break when current is dangerously high."", ""Should it melt easily or never melt?"", ""It must have a low melting point to melt safely.""]","[""Step 1: Excess current causes Joule heating (H = I^2 R t)."", ""Step 2: If current is dangerously high, fuse wire must melt to interrupt circuit."", ""Step 3: Therefore, it must be made of a material with a low melting point.""]","[""Seeing"", ""Doing""]","[""general"", ""space"", ""animals""]",Sparkles
6aad5689c039c717b080ade4,Crop Production and Management (Agricultural Practices) (APPLICATION),Science,8,Class 8,Crop Production and Management,3,3,Which of the following agricultural crops is classified as a RABI (winter) crop in India?,multiple_choice,"[""Wheat"", ""Paddy (Rice)"", ""Maize"", ""Cotton""]",Wheat,"Wheat, gram, peas, and mustard are classic Rabi crops sown in winter (October to March) and harvested in spring, whereas paddy, maize, and cotton are Kharif monsoon crops.","[""Rabi crops are grown in winter."", ""Does paddy grow in winter or heavy monsoon rain?"", ""Wheat is grown during the cool winter season.""]","[""Step 1: Recall Kharif = Monsoon (Paddy, Maize, Cotton)."", ""Step 2: Recall Rabi = Winter (Wheat, Gram, Mustard)."", ""Step 3: Therefore, Wheat is the Rabi crop.""]","[""Seeing"", ""Doing""]","[""general"", ""space"", ""animals""]",Sparkles
6aad5689c039c717b080ade6,Microorganisms: Friend and Foe (Antibiotics & Nitrogen Cycle) (APPLICATION),Science,8,Class 8,Microorganisms: Friend and Foe,3,3,Which bacterium lives in the root nodules of leguminous plants and fixes atmospheric nitrogen to enrich soil fertility?,multiple_choice,"[""Rhizobium"", ""Lactobacillus"", ""Vibrio cholerae"", ""Escherichia coli""]",Rhizobium,"Rhizobium lives symbiotically in the root nodules of leguminous crops (pulses, beans, peas), converting atmospheric nitrogen gas into water-soluble nitrates that plants use for protein synthesis.","[""Think about leguminous plants like beans, peas, and pulses."", ""Lactobacillus makes curd; which one fixes nitrogen in roots?"", ""The bacterium is Rhizobium.""]","[""Step 1: Identify symbiotic nitrogen-fixing organism."", ""Step 2: Lactobacillus turns milk into curd."", ""Step 3: Rhizobium inhabits legume roots to fix nitrogen.""]","[""Seeing"", ""Doing""]","[""general"", ""space"", ""animals""]",Sparkles
6aad5689c039c717b080ade8,Combustion and Flame (Zones of Flame & Extinguishers) (APPLICATION),Science,8,Class 8,Combustion and Flame,3,3,"Which zone of a candle flame is the HOTTEST, where complete combustion of fuel occurs?",multiple_choice,"[""Outermost non-luminous blue zone"", ""Middle luminous yellow zone"", ""Innermost dark zone surrounding the wick"", ""The molten wax pool at the bottom""]",Outermost non-luminous blue zone,"The outermost zone of a flame receives abundant oxygen, allowing complete combustion. It is the hottest part of the flame and glows blue.","[""Which part gets the most oxygen from the surrounding air?"", ""The very outside of the flame."", ""The outermost blue zone is the hottest.""]","[""Step 1: Innermost zone = unburnt wax vapor (least hot)."", ""Step 2: Middle zone = partial combustion (moderately hot)."", ""Step 3: Outermost zone = complete combustion with abundant air (hottest).""]","[""Seeing"", ""Doing""]","[""general"", ""space"", ""animals""]",Sparkles
6aad5689c039c717b080adea,Force and Pressure (Atmospheric Pressure & Formula P = F/A) (APPLICATION),Science,8,Class 8,Force and Pressure,3,3,"Why do heavy school bags and luggage backpacks have broad, wide shoulder straps instead of thin strings?",multiple_choice,"[""A wider strap increases the surface area, thereby reducing the pressure exerted on the shoulders"", ""A wider strap increases the force pulling down on the shoulders"", ""A wider strap generates frictional heat to keep the student warm"", ""A wider strap eliminates the gravitational weight of the bag completely""]","A wider strap increases the surface area, thereby reducing the pressure exerted on the shoulders","Since Pressure = Force / Area, increasing the surface area over which the bag's weight acts significantly reduces the pressure exerted on the shoulders, making it comfortable to carry.","[""Formula: Pressure = Force / Area."", ""When Area increases in the denominator, what happens to Pressure?"", ""Pressure decreases, making it less painful to carry.""]","[""Step 1: Formula is P = F / A."", ""Step 2: Wide straps increase contact area (A)."", ""Step 3: Larger A means smaller Pressure (P) on shoulders.""]","[""Seeing"", ""Doing""]","[""general"", ""space"", ""animals""]",Sparkles
6aad5689c039c717b080adec,"Friction (Static, Sliding, Rolling & Lubrication) (APPLICATION)",Science,8,Class 8,Friction,3,3,Arrange the three types of friction in order of DECREASING magnitude (from strongest to weakest):,multiple_choice,"[""Static friction > Sliding friction > Rolling friction"", ""Rolling friction > Sliding friction > Static friction"", ""Sliding friction > Static friction > Rolling friction"", ""Rolling friction > Static friction > Sliding friction""]",Static friction > Sliding friction > Rolling friction,"Static friction is the greatest because surface interlocking is deepest at rest. Once motion begins, sliding friction is lower. Rolling friction involves minimal contact deformation, making it the smallest.","[""Is it hardest to start moving an object, keep it sliding, or roll it on wheels?"", ""Starting from rest takes maximum effort (static)."", ""Wheels take the least effort (rolling).""]","[""Step 1: Overcoming static rest requires maximum force (Static is highest)."", ""Step 2: Sliding encounters moving irregularities (Sliding is intermediate)."", ""Step 3: Rolling minimizes contact friction (Rolling is lowest).""]","[""Seeing"", ""Doing""]","[""general"", ""space"", ""animals""]",Sparkles
6aad5689c039c717b080adee,"Sound and Acoustics (Vibration, Amplitude & Frequency) (APPLICATION)",Science,8,Class 8,Sound (Acoustics),3,3,Which wave characteristic of a sound determines its PITCH (shrillness or gravitas)?,multiple_choice,"[""Frequency of vibration"", ""Amplitude of vibration"", ""Speed of propagation"", ""Loudness in decibels""]",Frequency of vibration,"The frequency of vibration (number of oscillations per second, in Hertz) determines the pitch or shrillness of a sound. Higher frequency corresponds to higher pitch.","[""Amplitude determines loudness."", ""What determines pitch or shrillness?"", ""The number of vibrations per second is frequency.""]","[""Step 1: Loudness is governed by Amplitude."", ""Step 2: Shrillness/pitch is governed by Frequency."", ""Step 3: Therefore, Frequency determines pitch.""]","[""Seeing"", ""Doing""]","[""general"", ""space"", ""animals""]",Sparkles
6aad5689c039c717b080adf0,Matter in Our Surroundings (States of Matter & Latent Heat) (APPLICATION),Science,9,Class 9,Matter in Our Surroundings,3,3,Why does the temperature of water remain CONSTANT at 100°C while it is vigorously boiling into steam?,multiple_choice,"[""Supplied heat energy is consumed as latent heat of vaporisation to overcome intermolecular forces of attraction between water molecules"", ""The thermometer loses sensitivity at 100\u00b0C"", ""Heat escapes into the surrounding air so fast that water stops absorbing energy"", ""Water molecules stop moving at 100\u00b0C""]",Supplied heat energy is consumed as latent heat of vaporisation to overcome intermolecular forces of attraction between water molecules,"During boiling, heat energy supplied does not increase kinetic energy (temperature), but is absorbed as latent heat of vaporisation to break intermolecular bonds between liquid molecules.","[""Does the heat increase molecular speed or break molecular bonds?"", ""It is used to break bonds between liquid molecules."", ""This hidden energy is called latent heat of vaporisation.""]","[""Step 1: Boiling is a phase change from liquid to gas."", ""Step 2: Temperature measures average kinetic energy."", ""Step 3: Heat supplied breaks intermolecular bonds without raising temperature (latent heat).""]","[""Seeing"", ""Doing""]","[""general"", ""space"", ""animals""]",Sparkles
6aad5689c039c717b080adf2,Atoms and Molecules (Chemical Formulae & Law of Conservation of Mass) (APPLICATION),Science,9,Class 9,Atoms and Molecules,3,3,"Using the valencies of Aluminium (Al^3+) and Oxide (O^2-), what is the correct chemical formula for aluminium oxide?",multiple_choice,"[""Al2O3"", ""Al3O2"", ""AlO"", ""AlO2""]",Al2O3,"By criss-crossing ionic valencies (Al has valency 3, O has valency 2), the subscript for Al becomes 2 and for O becomes 3, yielding Al2O3.","[""Criss-cross the charges of Al (3+) and O (2-)."", ""Al takes the 2, and O takes the 3."", ""Formula is Al2O3.""]","[""Step 1: Write symbols and valencies: Al (3), O (2)."", ""Step 2: Criss-cross valencies: Al_2 and O_3."", ""Step 3: Chemical formula is Al2O3.""]","[""Seeing"", ""Doing""]","[""general"", ""space"", ""animals""]",Sparkles
6aad5689c039c717b080adf4,The Fundamental Unit of Life (Cell Biology & Organelles) (APPLICATION),Science,9,Class 9,The Fundamental Unit of Life (Cell Biology),3,3,Which cellular organelle is known as the 'Powerhouse of the Cell' because it synthesizes cellular energy in the form of ATP molecules?,multiple_choice,"[""Mitochondria"", ""Ribosome"", ""Golgi apparatus"", ""Lysosome""]",Mitochondria,"Mitochondria are sites of aerobic cellular respiration, synthesizing energy in the form of Adenosine Triphosphate (ATP), earning them the title 'Powerhouse of the Cell'.","[""Which organelle produces ATP energy?"", ""Ribosomes make proteins; lysosomes digest waste."", ""Mitochondria generate cellular energy.""]","[""Step 1: Identify ATP production site."", ""Step 2: Cellular respiration occurs in mitochondria."", ""Step 3: Mitochondria are called the powerhouse of the cell.""]","[""Seeing"", ""Doing""]","[""general"", ""space"", ""animals""]",Sparkles
6aad5689c039c717b080adf6,Motion (Kinematics & Equations of Motion) (APPLICATION),Science,9,Class 9,Motion (Kinematics),3,3,A train starts from rest (u = 0) and accelerates uniformly at 2 m/s^2 for 10 seconds. What distance does the train cover in this time?,multiple_choice,"[""100 meters"", ""200 meters"", ""50 meters"", ""20 meters""]",100 meters,Using second equation of motion: s = ut + (1/2)at^2. Since u = 0: s = 0 + (1/2) * 2 * (10^2) = 1 * 100 = 100 meters.,"[""Use s = ut + (1/2)at^2."", ""Initial velocity u = 0, so ut = 0."", ""(1/2) * 2 * 100 = 100 meters.""]","[""Step 1: Identify given: u = 0, a = 2 m/s^2, t = 10 s."", ""Step 2: Substitute into s = ut + (1/2)at^2."", ""Step 3: s = 0 + 0.5 * 2 * 100 = 100 m.""]","[""Seeing"", ""Doing""]","[""general"", ""space"", ""animals""]",Sparkles
6aad5689c039c717b080adf8,Force and Laws of Motion (Newton's Laws & Momentum) (APPLICATION),Science,9,Class 9,Force and Laws of Motion,3,3,Why does a cricket fielder pull their hands backward while catching a fast-moving cricket ball?,multiple_choice,"[""To increase the impact time, thereby reducing the rate of change of momentum and minimizing force on the hands"", ""To decrease the time taken to catch the ball so it stops instantly"", ""To increase the momentum of the ball before stopping it"", ""To allow air resistance to blow the ball away""]","To increase the impact time, thereby reducing the rate of change of momentum and minimizing force on the hands","By Newton's Second Law, Force = Delta p / Delta t. Pulling hands backward increases impact time (Delta t), which significantly reduces the force experienced by the fielder's hands, preventing injury.","[""Recall F = Delta p / Delta t."", ""If time Delta t increases, what happens to Force F?"", ""Force decreases, preventing painful impact on hands.""]","[""Step 1: Catching reduces ball momentum to zero."", ""Step 2: Force = Rate of change of momentum (Delta p / Delta t)."", ""Step 3: Increasing time Delta t decreases force F on hands.""]","[""Seeing"", ""Doing""]","[""general"", ""space"", ""animals""]",Sparkles
6aad5689c039c717b080adfa,Gravitation (Universal Law of Gravitation & Archimedes) (APPLICATION),Science,9,Class 9,Gravitation,3,3,"According to Archimedes' Principle, what is the magnitude of the upward buoyant force acting on an object submerged in water?",multiple_choice,"[""Equal to the weight of the fluid displaced by the submerged object"", ""Equal to the total volume of water in the container"", ""Equal to the atmospheric pressure acting on the water surface"", ""Greater than the gravitational mass of Earth""]",Equal to the weight of the fluid displaced by the submerged object,"Archimedes' principle states that when a body is immersed fully or partially in a fluid, it experiences an upward buoyant force equal to the weight of the fluid displaced by the body.","[""What does the displaced fluid weigh?"", ""The upward push matches that weight."", ""Buoyant force = weight of displaced fluid.""]","[""Step 1: Archimedes discovered flotation principles."", ""Step 2: Submerging an object pushes water aside."", ""Step 3: Upward buoyant force = weight of displaced water.""]","[""Seeing"", ""Doing""]","[""general"", ""space"", ""animals""]",Sparkles
6aad5689c039c717b080adfc,Chemical Reactions and Equations (Types of Reactions & Balancing) (APPLICATION),Science,10,Class 10,Chemical Reactions and Equations,4,3,"In the chemical reaction: CuO + H2 -> Cu + H2O, which substance is being REDUCED?",multiple_choice,"[""Copper(II) oxide (CuO)"", ""Hydrogen gas (H2)"", ""Water (H2O)"", ""Pure copper (Cu)""]",Copper(II) oxide (CuO),"Reduction is the loss of oxygen. Copper(II) oxide (CuO) loses oxygen to become copper (Cu), meaning CuO is reduced. Hydrogen gains oxygen and is oxidized.","[""Reduction means loss of oxygen."", ""Which reactant loses its oxygen atom during the reaction?"", ""CuO loses oxygen to form Cu, so CuO is reduced.""]","[""Step 1: Identify reactants: CuO and H2."", ""Step 2: CuO loses oxygen to become Cu."", ""Step 3: Loss of oxygen is reduction; therefore, CuO is reduced.""]","[""Seeing"", ""Doing""]","[""general"", ""space"", ""animals""]",Sparkles
6aad5689c039c717b080adfe,"Acids, Bases and Salts (pH Scale & Common Salts) (APPLICATION)",Science,10,Class 10,"Acids, Bases and Salts",4,3,What is the chemical formula and name of the salt commonly used as Baking Soda to make cakes soft and fluffy?,multiple_choice,"[""NaHCO3 (Sodium hydrogen carbonate)"", ""Na2CO3 . 10H2O (Sodium carbonate decahydrate)"", ""CaOCl2 (Bleaching powder)"", ""CaSO4 . (1/2)H2O (Plaster of Paris)""]",NaHCO3 (Sodium hydrogen carbonate),"Baking soda is Sodium hydrogen carbonate (NaHCO3). On heating during baking, it decomposes to release carbon dioxide gas, which causes cake batter to rise.","[""It contains sodium, hydrogen, carbon, and oxygen."", ""Its chemical name is Sodium hydrogen carbonate."", ""The formula is NaHCO3.""]","[""Step 1: Baking soda release CO2 when heated."", ""Step 2: Chemical name = Sodium hydrogen carbonate (bicarbonate)."", ""Step 3: Formula = NaHCO3.""]","[""Seeing"", ""Doing""]","[""general"", ""space"", ""animals""]",Sparkles
6aad5689c039c717b080ae00,"Life Processes (Biochemistry, Double Circulation & Nephrons) (APPLICATION)",Science,10,Class 10,Life Processes (Biochemistry & Physiology),4,3,Why does the human heart have four distinct chambers separating oxygen-rich blood from deoxygenated blood?,multiple_choice,"[""To prevent mixing of oxygenated and deoxygenated blood, ensuring highly efficient oxygen delivery to sustain warm-blooded metabolism"", ""To allow air to circulate directly into the brain"", ""To store extra blood when the body is asleep"", ""To decrease blood pressure so veins do not burst""]","To prevent mixing of oxygenated and deoxygenated blood, ensuring highly efficient oxygen delivery to sustain warm-blooded metabolism","Complete separation of the right side (deoxygenated) and left side (oxygenated) of the heart prevents mixing, ensuring a high supply of oxygen to maintain constant warm body temperature.","[""Are humans warm-blooded or cold-blooded?"", ""Warm-blooded mammals require huge amounts of oxygen."", ""Separating blood chambers provides maximum oxygen efficiency.""]","[""Step 1: Right chambers handle deoxygenated blood; left chambers handle oxygenated blood."", ""Step 2: Separation prevents oxygen dilution."", ""Step 3: This supports high metabolic energy requirements in warm-blooded humans.""]","[""Seeing"", ""Doing""]","[""general"", ""space"", ""animals""]",Sparkles
6aad5689c039c717b080ae02,"Control and Coordination (Neurobiology, Reflex Arc & Endocrine) (APPLICATION)",Science,10,Class 10,Control and Coordination (Neurobiology),4,3,What is the correct pathway followed by a nerve impulse in a spinal REFLEX ARC when touching a hot object?,multiple_choice,"[""Receptor -> Sensory neuron -> Spinal cord -> Motor neuron -> Effector muscle"", ""Effector muscle -> Motor neuron -> Brain -> Sensory neuron -> Receptor"", ""Receptor -> Brain -> Spinal cord -> Sensory neuron -> Muscle"", ""Sensory neuron -> Receptor -> Motor neuron -> Spinal cord""]",Receptor -> Sensory neuron -> Spinal cord -> Motor neuron -> Effector muscle,"The reflex arc starts at heat receptors in skin, travels via sensory neurons to the spinal cord, and immediately directs motor neurons to trigger effector muscle contraction without waiting for conscious brain processing.","[""Start at the skin receptor."", ""Impulses travel in: sensory -> spinal cord -> motor."", ""Ends at the effector muscle.""]","[""Step 1: Stimulus detected by Receptor."", ""Step 2: Sensory neuron carries signal to Spinal cord."", ""Step 3: Motor neuron triggers Effector muscle contraction.""]","[""Seeing"", ""Doing""]","[""general"", ""space"", ""animals""]",Sparkles
6aad5689c039c717b080ae04,Electricity & Magnetic Effects (Ohm's Law & Motor Principle) (APPLICATION),Science,10,Class 10,Electricity & Magnetic Effects,4,3,Two resistors of resistances 6 ohms and 12 ohms are connected in PARALLEL across a 12V battery. What is the equivalent resistance of the circuit?,multiple_choice,"[""4 ohms"", ""18 ohms"", ""8 ohms"", ""2 ohms""]",4 ohms,"For parallel resistors: 1 / R_eq = 1/6 + 1/12 = 2/12 + 1/12 = 3/12 = 1/4. Therefore, R_eq = 4 ohms.","[""Use parallel resistance formula: 1/R = 1/R1 + 1/R2."", ""1/6 + 1/12 = 2/12 + 1/12 = 3/12."", ""Flip 3/12 to get R = 12/3 = 4 ohms.""]","[""Step 1: Formula: 1/R = 1/6 + 1/12."", ""Step 2: Common denominator 12: 1/R = (2 + 1) / 12 = 3/12 = 1/4."", ""Step 3: R = 4 ohms.""]","[""Seeing"", ""Doing""]","[""general"", ""space"", ""animals""]",Sparkles
6aad5689c039c717b080ae06,Light: Reflection and Refraction (Optics & Lens Formula) (APPLICATION),Science,10,Class 10,Light - Reflection and Refraction (Optics),4,3,A convex lens has a focal length of +50 cm (+0.5 meters). What is the optical power of this lens in Dioptres?,multiple_choice,"[""+2.0 Dioptres"", ""+0.5 Dioptres"", ""-2.0 Dioptres"", ""+5.0 Dioptres""]",+2.0 Dioptres,"Power P = 1 / f (in meters). Since f = +50 cm = +0.5 m, P = 1 / 0.5 = +2.0 Dioptres (D). Convex lenses have positive power.","[""Convert focal length to meters first: 50 cm = 0.5 m."", ""Formula: Power P = 1 / f(in meters)."", ""P = 1 / 0.5 = +2.0 D.""]","[""Step 1: Convert f to meters: f = 50 cm = 0.5 m."", ""Step 2: Formula P = 1 / f."", ""Step 3: P = 1 / 0.5 = +2.0 Dioptres.""]","[""Seeing"", ""Doing""]","[""general"", ""space"", ""animals""]",Sparkles
6aad5689c039c717b080ae08,My Family and Me (APPLICATION),English,1,Class 1,My Family and Me,1,3,What do you call your father's father in your loving family?,multiple_choice,"[""Grandfather"", ""Brother"", ""Uncle"", ""Nephew""]",Grandfather,Your father's father (or mother's father) is known as your grandfather.,"[""He is the parent of your parent."", ""He is older and tells wonderful bedtime stories."", ""He is your grandfather.""]","[""Step 1: Relation = father's father."", ""Step 2: English term = Grandfather."", ""Step 3: Select 'Grandfather'.""]","[""Seeing"", ""Doing""]","[""general"", ""space"", ""animals""]",Sparkles
6aad5689c039c717b080ae0a,Fun with Words & Rhymes (APPLICATION),English,1,Class 1,Fun with Words & Rhymes,1,3,Which word rhymes with the word 'CAT' because it ends with the exact same sound?,multiple_choice,"[""HAT"", ""DOG"", ""SUN"", ""PEN""]",HAT,CAT and HAT both end with the '-at' sound: c-at and h-at.,"[""Say the words aloud: C-AT... H-..."", ""Which word ends with '-at'?"", ""HAT rhymes with CAT.""]","[""Step 1: Ending sound of CAT = '-at'."", ""Step 2: Test options: DOG (-og), SUN (-un), HAT (-at)."", ""Step 3: Choose 'HAT'.""]","[""Seeing"", ""Doing""]","[""general"", ""space"", ""animals""]",Sparkles
6aad5689c039c717b080ae0c,Animals and Nature Tales (APPLICATION),English,1,Class 1,Animals and Nature Tales,1,3,"In the delightful story 'Mittu and the Yellow Mango', what color was clever Mittu the parrot?",multiple_choice,"[""Green with a red beak"", ""Purple with a yellow beak"", ""All black like a crow"", ""Blue with white spots""]",Green with a red beak,Mittu was a green parrot who had a lovely red beak and loved eating mangoes.,"[""Think about standard parrots in trees."", ""Their feathers are green."", ""Mittu was green with a red beak.""]","[""Step 1: Character = Mittu the parrot."", ""Step 2: Parrots have green feathers and red beaks."", ""Step 3: Select 'Green with a red beak'.""]","[""Seeing"", ""Doing""]","[""general"", ""space"", ""animals""]",Sparkles
6aad5689c039c717b080ae0e,Colors of the Rainbow (APPLICATION),English,1,Class 1,Colors of the Rainbow,1,3,How many vibrant colors can you count in a glorious sky rainbow after a rain shower?,multiple_choice,"[""7 colors"", ""3 colors"", ""12 colors"", ""5 colors""]",7 colors,"A natural rainbow has 7 colors: Violet, Indigo, Blue, Green, Yellow, Orange, and Red (VIBGYOR).","[""Remember the acronym V-I-B-G-Y-O-R."", ""Count the letters: V, I, B, G, Y, O, R."", ""There are 7 colors.""]","[""Step 1: Recall rainbow acronym: VIBGYOR."", ""Step 2: Count the colors: 1 to 7."", ""Step 3: Total is 7 colors.""]","[""Seeing"", ""Doing""]","[""general"", ""space"", ""animals""]",Sparkles
6aad5689c039c717b080ae10,First Day at School & Adventure (APPLICATION),English,2,Class 2,First Day at School & Adventure,2,3,"In the story 'Haldi's Adventure', what unusual accessory was Smiley the friendly giraffe wearing?",multiple_choice,"[""Big glasses (spectacles)"", ""A gold watch on his tail"", ""A red party hat"", ""Blue swimming flippers""]",Big glasses (spectacles),Smiley the giraffe wore large glasses (spectacles) and held a book in his hand when Haldi met him.,"[""He wore them over his eyes to read books."", ""They helped him see clearly."", ""He wore glasses (spectacles).""]","[""Step 1: Character = Smiley the giraffe."", ""Step 2: Look at his face in the illustration."", ""Step 3: He wore glasses (spectacles).""]","[""Seeing"", ""Doing""]","[""general"", ""space"", ""animals""]",Sparkles
6aad5689c039c717b080ae12,I am Lucky! & Animal Smiles (APPLICATION),English,2,Class 2,I am Lucky! & Animal Smiles,2,3,"In the joyful poem 'I am Lucky', what is the butterfly thankful for?",multiple_choice,"[""For its colorful wings"", ""For its ability to swim fast"", ""For its sharp eagle claws"", ""For its heavy shell""]",For its colorful wings,"The poem begins: 'If I were a butterfly, I would be thankful for my wings.'","[""What helps a butterfly fly among flowers?"", ""Butterflies have beautiful painted wings."", ""It is thankful for its wings.""]","[""Step 1: Animal = Butterfly."", ""Step 2: Key feature = Wings."", ""Step 3: Thankful for its wings.""]","[""Seeing"", ""Doing""]","[""general"", ""space"", ""animals""]",Sparkles
6aad5689c039c717b080ae14,Elements of Nature - The Wind and the Sun (APPLICATION),English,2,Class 2,Elements of Nature,2,3,"In the classic fable 'The Wind and the Sun', how did the Sun successfully make the man take off his heavy coat?",multiple_choice,"[""By shining warmly and brightly"", ""By blowing freezing gale winds"", ""By sending a thunder storm"", ""By asking a robber to take it""]",By shining warmly and brightly,"The Sun shone brighter and warmer, making the man feel hot so that he took off his coat gladly.","[""The Wind tried blowing hard, but the man held his coat tighter."", ""Then the Sun began to shine warmly."", ""The Sun shone brightly and warmly.""]","[""Step 1: Wind's force failed."", ""Step 2: Sun used warmth and brightness."", ""Step 3: Man took off coat because of warmth.""]","[""Seeing"", ""Doing""]","[""general"", ""space"", ""animals""]",Sparkles
6aad5689c039c717b080ae16,Stories of Magic - The Magic Porridge Pot (APPLICATION),English,2,Class 2,Stories of Magic and Humor,2,3,"In the folktale 'The Magic Porridge Pot', what magic words did little Tara say to make the pot start cooking sweet porridge?",multiple_choice,"[""Cook, pot, cook!"", ""Open sesame!"", ""Fly, pot, fly!"", ""Sleep, pot, sleep!""]","Cook, pot, cook!","The kind old woman taught Tara to say 'Cook, pot, cook' to start cooking porridge.","[""It tells the pot what action to do: cook."", ""It repeats the word cook."", ""Tara said: 'Cook, pot, cook!'""]","[""Step 1: Action = cooking porridge."", ""Step 2: Magic phrase = 'Cook, pot, cook!'."", ""Step 3: Select 'Cook, pot, cook!'.""]","[""Seeing"", ""Doing""]","[""general"", ""space"", ""animals""]",Sparkles
6aad5689c039c717b080ae18,Nature Wonders - Good Morning Poem (APPLICATION),English,3,Class 3,Nature Wonders & Morning Songs,2,3,"In the uplifting poem 'Good Morning', who does the happy child joyfully greet as the new day begins?",multiple_choice,"[""The sky, sun, birds, and trees"", ""Only a dark stormy cloud"", ""A sleeping cat under the bed"", ""No one at all""]","The sky, sun, birds, and trees","The child greets: 'Good morning, sky! Good morning, sun! Good morning, little winds that run! Good morning, birds!'","[""The child greets all the bright morning nature elements."", ""Sky, sun, birds, and green trees."", ""The child greets the sky, sun, birds, and trees.""]","[""Step 1: Poem = 'Good Morning'."", ""Step 2: Review first stanza lines."", ""Step 3: Greets sky, sun, birds, and trees.""]","[""Seeing"", ""Doing""]","[""general"", ""space"", ""animals""]",Sparkles
6aad5689c039c717b080ae1a,Empathy and Animal Tales - Nina and the Baby Sparrows (APPLICATION),English,3,Class 3,Empathy and Animal Tales,2,3,"In the story 'Nina and the Baby Sparrows', why was gentle Nina crying and unwilling to attend the family wedding in Delhi?",multiple_choice,"[""She worried the baby sparrows in her room would starve if the house was locked"", ""She lost her favorite red dancing shoes"", ""She was afraid of traveling on the train"", ""She did not want to meet her cousins""]",She worried the baby sparrows in her room would starve if the house was locked,Nina was worried that locking the room would prevent the mother and father sparrows from feeding their tiny babies.,"[""Think about the baby birds in the nest on her bookshelf."", ""She cared about the sparrows' safety."", ""She was worried the baby sparrows would starve.""]","[""Step 1: Conflict = family wedding in Delhi."", ""Step 2: Nina's worry = sparrows in her bedroom."", ""Step 3: Choose sparrow safety.""]","[""Seeing"", ""Doing""]","[""general"", ""space"", ""animals""]",Sparkles
6aad5689c039c717b080ae1c,Curiosity and Exploration - The Enormous Turnip (APPLICATION),English,3,Class 3,Curiosity and Exploration,2,3,What important moral lesson does the story 'The Enormous Turnip' teach young readers?,multiple_choice,"[""Teamwork and helping each other makes difficult tasks possible"", ""It is better to work all alone in secret"", ""Never plant vegetables in gardens"", ""Only strong giants can accomplish goals""]",Teamwork and helping each other makes difficult tasks possible,"The giant turnip could not be pulled by one person, but when all worked together in unity, they succeeded.","[""Think about how they pulled: the man, woman, boy, and girl all pulled together."", ""United we stand!"", ""Teamwork makes difficult tasks possible.""]","[""Step 1: Individual pulling failed."", ""Step 2: Group cooperation succeeded."", ""Step 3: Moral = Teamwork.""]","[""Seeing"", ""Doing""]","[""general"", ""space"", ""animals""]",Sparkles
6aad5689c039c717b080ae1e,Communication and Letters - Postal Mail (APPLICATION),English,3,Class 3,Communication and Letters,2,3,"When writing a letter to your friend, what important 6-digit numerical code on the envelope helps the postman find the exact delivery zone?",multiple_choice,"[""PIN Code (Postal Index Number)"", ""Phone passcode"", ""School roll number"", ""Shoe size number""]",PIN Code (Postal Index Number),"The PIN code (Postal Index Number) has 6 digits that identify the specific state, district, and delivery post office.","[""It has 6 digits like 110001 or 560001."", ""It stands for Postal Index Number."", ""It is the PIN Code.""]","[""Step 1: Purpose = route postal mail."", ""Step 2: 6-digit code = PIN Code."", ""Step 3: Select 'PIN Code'.""]","[""Seeing"", ""Doing""]","[""general"", ""space"", ""animals""]",Sparkles
6aad5689c039c717b080ae20,Wake Up! & Neha's Alarm Clock (APPLICATION),English,4,Class 4,Wake Up! & Neha's Alarm Clock,3,3,"In the charming story 'Neha's Alarm Clock', what mysterious internal clock wakes up Neha at 6:00 AM even when her alarm clock is turned off?",multiple_choice,"[""Her own internal body clock"", ""A loud railway horn outside"", ""Her dog barking at a cat"", ""A talking computer""]",Her own internal body clock,"Mother explains to Neha that every human has an internal body clock that prompts them when to eat, sleep, and wake up.","[""It is inside her own body."", ""It tells us when we are hungry or sleepy."", ""It is her internal body clock.""]","[""Step 1: All external alarms failed."", ""Step 2: Mother explains human biology."", ""Step 3: Neha's internal body clock.""]","[""Seeing"", ""Doing""]","[""general"", ""space"", ""animals""]",Sparkles
6aad5689c039c717b080ae22,Alice in Wonderland & Curiosity (APPLICATION),English,4,Class 4,Alice in Wonderland & Curiosity,3,3,"In 'Alice in Wonderland', what extraordinary item did the White Rabbit pull out of his waistcoat pocket that astonished Alice?",multiple_choice,"[""A pocket watch"", ""A gold coin"", ""A magic wand"", ""A compass""]",A pocket watch,Alice was amazed because rabbits do not wear waistcoats or carry pocket watches to check the time.,"[""It tells the time."", ""The rabbit looked at it and cried 'Oh dear, I shall be late!'"", ""It was a pocket watch.""]","[""Step 1: Character = White Rabbit."", ""Step 2: Action = checking if he was late."", ""Step 3: Object = Pocket watch.""]","[""Seeing"", ""Doing""]","[""general"", ""space"", ""animals""]",Sparkles
6aad5689c039c717b080ae24,Courage and Inclusion - Helen Keller (APPLICATION),English,4,Class 4,Courage and Inclusion - Helen Keller,3,3,What life-changing word did dedicated teacher Anne Sullivan spell onto Helen Keller's palm while cool water pumped over her hand?,multiple_choice,"[""W-A-T-E-R"", ""M-O-T-H-E-R"", ""S-C-H-O-O-L"", ""L-I-G-H-T""]",W-A-T-E-R,The connection between the physical sensation of cool liquid and the tactile letters W-A-T-E-R unlocked language for Helen.,"[""It was cool liquid running from a water pump."", ""It spelled the name of what she drank."", ""The word was W-A-T-E-R.""]","[""Step 1: Context = pump water over hand."", ""Step 2: Spelled letters = W-A-T-E-R."", ""Step 3: Word is WATER.""]","[""Seeing"", ""Doing""]","[""general"", ""space"", ""animals""]",Sparkles
6aad5689c039c717b080ae26,The Giving Tree & Environmental Values (APPLICATION),English,4,Class 4,The Giving Tree & Environment,3,3,"In the moving story 'The Giving Tree', what was the tree's emotional state whenever it gave its gifts to the boy?",multiple_choice,"[""The tree was truly happy"", ""The tree was angry and bitter"", ""The tree was scared and wept"", ""The tree wanted revenge""]",The tree was truly happy,"Throughout the story, despite giving away everything it possessed, 'and the tree was happy' because of its selfless love.","[""The tree loved the boy unconditionally."", ""Giving made the tree feel joyful."", ""The tree was truly happy.""]","[""Step 1: Theme = unconditional love and giving."", ""Step 2: Key recurring refrain in the book."", ""Step 3: 'The tree was happy'.""]","[""Seeing"", ""Doing""]","[""general"", ""space"", ""animals""]",Sparkles
6aad5689c039c717b080ae28,Wonderful Waste! (Culinary Upcycling) (APPLICATION),English,5,Class 5,Ice-Cream Man & Wonderful Waste!,3,3,"In the delightful Kerala folktale 'Wonderful Waste!', which famous traditional feast dish was invented by creatively cooking leftover vegetable scraps?",multiple_choice,"[""Avial"", ""Biryani"", ""Sambar"", ""Dosa""]",Avial,Avial is the traditional Kerala mixed-vegetable dish created when the cook seasoned vegetable peelings and scraps with coconut and curd.,"[""It is a famous traditional Kerala dish."", ""It begins with the letter 'A'."", ""The dish is Avial.""]","[""Step 1: Setting = Palace of Travancore, Kerala."", ""Step 2: Cook used vegetable scraps."", ""Step 3: Dish created was Avial.""]","[""Seeing"", ""Doing""]","[""general"", ""space"", ""animals""]",Sparkles
6aad5689c039c717b080ae2a,Teamwork & Flying Together (APPLICATION),English,5,Class 5,Teamwork & Flying Together,3,3,"In the fable 'Flying Together', why did the wise old goose urge the flock to destroy the tender young creeper at the foot of the tree?",multiple_choice,"[""Lest it grow thick and allow a hunter to climb up and catch them"", ""Because it had bad-tasting leaves"", ""Because it blocked sunlight from the river"", ""Because the birds wanted to eat it""]",Lest it grow thick and allow a hunter to climb up and catch them,"The wise bird foresaw that when the creeper grew into a strong rope, a hunter could easily climb up the tall tree and trap the flock.","[""A thick creeper acts like a ladder."", ""A hunter could use it to climb."", ""It could help a hunter catch them.""]","[""Step 1: Warning = destroy creeper."", ""Step 2: Consequence of waiting = creeper becomes ladder."", ""Step 3: Hunter could climb up.""]","[""Seeing"", ""Doing""]","[""general"", ""space"", ""animals""]",Sparkles
6aad5689c039c717b080ae2c,Robinson Crusoe & Logical Deduction (APPLICATION),English,5,Class 5,Robinson Crusoe & Survival Logic,3,3,"In the gripping adventure story, what startling discovery on the sandy beach filled solitary Robinson Crusoe with astonishment and fear?",multiple_choice,"[""The print of a man's naked foot in the sand"", ""A chest filled with golden pirate coins"", ""A broken ship anchor buried in mud"", ""A giant sea turtle laying eggs""]",The print of a man's naked foot in the sand,"Crusoe saw the distinct print of a human foot—toes, heel, and every part of a foot—proving another human was on the island.","[""He thought he was completely alone on the island."", ""He saw an imprint in the sand made by a foot."", ""The print of a man's foot.""]","[""Step 1: Setting = lonely deserted island."", ""Step 2: Startling discovery = footprint in sand."", ""Step 3: Print of a human foot.""]","[""Seeing"", ""Doing""]","[""general"", ""space"", ""animals""]",Sparkles
6aad5689c039c717b080ae2e,Gulliver's Travels & Relative Scale (APPLICATION),English,5,Class 5,Gulliver's Travels & Perspectives,3,3,"In Jonathan Swift's classic adventure 'Gulliver's Travels', what was extraordinary about the people in the land of Brobdingnag?",multiple_choice,"[""They were enormous giants sixty feet tall"", ""They were tiny people only six inches tall"", ""They could fly using feathered wings"", ""They lived completely underwater""]",They were enormous giants sixty feet tall,"In Brobdingnag, everything was gigantic; the farmers were sixty feet tall, making Gulliver look like a miniature creature.","[""In Lilliput people were tiny, but in Brobdingnag they were..."", ""They were huge giants."", ""They were enormous giants sixty feet tall.""]","[""Step 1: Land = Brobdingnag."", ""Step 2: Lilliput = tiny; Brobdingnag = giants."", ""Step 3: Giants sixty feet tall.""]","[""Seeing"", ""Doing""]","[""general"", ""space"", ""animals""]",Sparkles
6aad5689c039c717b080ae30,Who Did Patrick's Homework? (Self-Reliance) (APPLICATION),English,6,Class 6,Who Did Patrick's Homework?,2,3,Who actually completed Patrick's homework throughout the story?,multiple_choice,"[""Patrick himself, because the elf required Patrick's constant research and guidance for every question"", ""The magical elf completely independently using wizardry"", ""Patrick's parents secretly during the night"", ""Patrick's school teacher who gave him automatic answers""]","Patrick himself, because the elf required Patrick's constant research and guidance for every question","The delightful twist of the story is that the elf was merely a catalyst. Patrick read the books, looked up dictionary meanings, and solved the sums himself, earning straight A's.","[""Did the elf know multiplication tables or history?"", ""Who looked up words in the dictionary?"", ""Patrick did all the actual work.""]","[""Step 1: The elf pleaded ignorance about human subjects."", ""Step 2: Patrick stayed up late reading and solving every problem for the elf."", ""Step 3: Conclusion: Patrick did his own homework.""]","[""Seeing"", ""Doing""]","[""general"", ""space"", ""animals""]",Sparkles
6aad5689c039c717b080ae32,How the Dog Found Himself a Master! (Domestication & Loyalty) (APPLICATION),English,6,Class 6,How the Dog Found Himself a Master!,2,3,"In the story 'How the Dog Found Himself a Master!', whom did the dog finally choose to serve faithfully forever?",multiple_choice,"[""Man"", ""The Lion"", ""The Bear"", ""The Wolf""]",Man,"When the dog saw that even the mighty Lion feared human scent and avoided man, the dog realized Man was the strongest being on Earth and chose to be his faithful companion.","[""Who did the mighty Lion fear in the forest?"", ""The Lion smelled human beings approaching."", ""The dog chose Man.""]","[""Step 1: Dog served Wolf -> Bear -> Lion."", ""Step 2: Lion feared Man."", ""Step 3: Dog chose Man as the ultimate master.""]","[""Seeing"", ""Doing""]","[""general"", ""space"", ""animals""]",Sparkles
6aad5689c039c717b080ae34,Kalpana Chawla - An Indian-American Woman in Space (APPLICATION),English,6,Class 6,Kalpana Chawla - Woman in Space,2,3,"In which city in Haryana, India was astronaut Kalpana Chawla born?",multiple_choice,"[""Karnal"", ""Ambala"", ""Chandigarh"", ""Panipat""]",Karnal,"Kalpana Chawla was born in Karnal, Haryana. She later graduated in aeronautical engineering from Punjab Engineering College, Chandigarh.","[""It is a historic city in Haryana."", ""Her hometown begins with the letter 'K'."", ""The city is Karnal.""]","[""Step 1: Recall Kalpana Chawla's birthplace mentioned in NCERT text."", ""Step 2: She was born in Karnal, Haryana."", ""Step 3: Karnal is the correct answer.""]","[""Seeing"", ""Doing""]","[""general"", ""space"", ""animals""]",Sparkles
6aad5689c039c717b080ae36,A Different Kind of School (Inclusion & Empathy) (APPLICATION),English,6,Class 6,A Different Kind of School (Inclusion & Empathy),2,3,What was the core educational purpose of the 'Blind Day' and 'Lame Day' at Miss Beam's school?,multiple_choice,"[""To teach children thoughtfulness, kindness, and deep empathy for people with disabilities through firsthand experience"", ""To test physical strength and endurance for competitive sports"", ""To punish students who failed academic exams"", ""To train children to become medical doctors""]","To teach children thoughtfulness, kindness, and deep empathy for people with disabilities through firsthand experience","Miss Beam explained that the real aim of her school was not just scholastic knowledge, but teaching thoughtfulness, appreciation, and authentic empathy by having children experience limitations firsthand.","[""Was it for grades or for human kindness?"", ""Miss Beam wanted children to understand what it feels like to face challenges."", ""It taught empathy and compassion.""]","[""Step 1: Identify the special practice at Miss Beam's school."", ""Step 2: Students took turns having bandages on eyes or tying an arm."", ""Step 3: Purpose: to build deep empathy for individuals with disabilities.""]","[""Seeing"", ""Doing""]","[""general"", ""space"", ""animals""]",Sparkles
6aad5689c039c717b080ae38,Three Questions by Leo Tolstoy (Wisdom & Mindfulness) (APPLICATION),English,7,Class 7,Three Questions (Leo Tolstoy),3,3,"According to the wise hermit in Leo Tolstoy's parable 'Three Questions', what is the ONLY most important time?",multiple_choice,"[""The present moment ('Now')"", ""The planned future"", ""The past remembered"", ""The early morning hours""]",The present moment ('Now'),"The hermit taught the king that the most important time is 'Now', because the present is the only time over which we possess any real power to act.","[""Can you act in the past? No."", ""Can you act in the future before it arrives? No."", ""The only time you can act is NOW.""]","[""Step 1: Hermit answered the king's three questions."", ""Step 2: Past is gone; future is uncertain."", ""Step 3: The only time that matters is 'Now' (the present).""]","[""Seeing"", ""Doing""]","[""general"", ""space"", ""animals""]",Sparkles
6aad5689c039c717b080ae3a,A Gift of Chappals (Empathy & Compassion) (APPLICATION),English,7,Class 7,A Gift of Chappals,3,3,Why did Ravi and the children decide to give away the music master's chappals to the beggar?,multiple_choice,"[""The beggar was barefoot and had painful peeling blisters on his feet from the scorching road"", ""The music master had asked them to throw his old slippers away"", ""The beggar offered money in exchange for comfortable footwear"", ""They wanted to play a mischievous prank on the music teacher""]",The beggar was barefoot and had painful peeling blisters on his feet from the scorching road,The children demonstrated pure empathy when they saw the beggar's bare feet covered with painful blisters caused by walking on the boiling sun-heated asphalt road.,"[""What did the children notice on the beggar's feet?"", ""His feet had blisters from the hot road."", ""They gave slippers out of genuine compassion.""]","[""Step 1: Identify the beggar's distress: walking barefoot on boiling asphalt."", ""Step 2: His soles were peeling with heat blisters."", ""Step 3: Compassion prompted the children to give him chappals.""]","[""Seeing"", ""Doing""]","[""general"", ""space"", ""animals""]",Sparkles
6aad5689c039c717b080ae3c,Gopal and the Hilsa Fish (Wits & Strategy) (APPLICATION),English,7,Class 7,Gopal and the Hilsa Fish,3,3,How did Gopal successfully enter the royal court without anyone mentioning or discussing the giant Hilsa fish he bought?,multiple_choice,"[""He dressed in torn rags with half a shaven face and ash, making people talk only about his eccentric appearance"", ""He concealed the fish inside a large sealed wooden treasure trunk"", ""He bribed the palace guards with silver coins to stay silent"", ""He walked into the palace in the middle of the dark night while everyone was asleep""]","He dressed in torn rags with half a shaven face and ash, making people talk only about his eccentric appearance","Gopal created such an overpowering visual spectacle by half-shaving his face and smearing ash that townspeople and courtiers talked only about his madness, winning the king's challenge.","[""What did Gopal look like when he walked through town?"", ""Half his beard was shaved and he had ash on his face."", ""People were too shocked by his appearance to notice the fish.""]","[""Step 1: The challenge was to bring a Hilsa fish without anyone asking about it."", ""Step 2: Gopal created an even bigger distraction with his absurd attire."", ""Step 3: No one mentioned the fish because they were fascinated by his appearance.""]","[""Seeing"", ""Doing""]","[""general"", ""space"", ""animals""]",Sparkles
6aad5689c039c717b080ae3e,The Invention of Vita-Wonk by Roald Dahl (Fantasy) (APPLICATION),English,7,Class 7,The Invention of Vita-Wonk (Roald Dahl),3,3,"According to Mr. Willy Wonka in Roald Dahl's story, which of the following is the oldest living organism on Earth from which he collected sap?",multiple_choice,"[""The Bristlecone pine tree"", ""The giant Douglas fir tree"", ""The California redwood tree"", ""The weeping willow tree""]",The Bristlecone pine tree,"Mr. Wonka specifically highlights the Bristlecone pine tree growing on the slopes of Wheeler Peak in Nevada, which lives for more than 4,000 years, as the oldest living tree.","[""Look for the tree named by Willy Wonka that lives over 4,000 years."", ""Its name starts with 'Bristle...'"", ""It is the Bristlecone pine.""]","[""Step 1: Willy Wonka looked for the oldest living thing."", ""Step 2: He discovered that Bristlecone pines live for thousands of years."", ""Step 3: He gathered sap from the Bristlecone pine.""]","[""Seeing"", ""Doing""]","[""general"", ""space"", ""animals""]",Sparkles
6aad5689c039c717b080ae40,The Best Christmas Present in the World by Michael Morpurgo (APPLICATION),English,8,Class 8,The Best Christmas Present in the World,3,3,What extraordinary event occurred on Christmas Day in 1914 between British and German soldiers in No Man's Land?,multiple_choice,"[""A spontaneous temporary truce where soldiers celebrated Christmas, shared food, and played football together"", ""A surprise massive military offensive launched in deep snow"", ""The signing of the final peace treaty ending World War I permanently"", ""An air raid conducted by newly invented combat airplanes""]","A spontaneous temporary truce where soldiers celebrated Christmas, shared food, and played football together","The 1914 Christmas Truce saw opposing British and German soldiers emerge from trenches into No Man's Land without weapons to celebrate Christmas, share food, and play football.","[""It took place on Christmas Day."", ""Did they fight or celebrate together?"", ""They celebrated a spontaneous peaceful Christmas truce.""]","[""Step 1: The letter describes Christmas 1914."", ""Step 2: German soldier Fritz and British soldier Tommy greeted each other."", ""Step 3: They shared food and played a football match in peace.""]","[""Seeing"", ""Doing""]","[""general"", ""space"", ""animals""]",Sparkles
6aad5689c039c717b080ae42,The Tsunami & Disaster Resilience (2004 Indian Ocean) (APPLICATION),English,8,Class 8,The Tsunami & Disaster Resilience,3,3,"How was 10-year-old schoolgirl Tilly Smith able to save dozens of tourists on a beach in Phuket, Thailand during the 2004 tsunami?",multiple_choice,"[""She recognized the warning signs (sea swelling and retreating with frothy bubbles) from a geography lesson taught by her teacher"", ""She received a sudden emergency text notification on her mobile phone"", ""She followed the high-tech sirens activated by the local coastal patrol"", ""She read an emergency notice printed in the morning hotel newspaper""]",She recognized the warning signs (sea swelling and retreating with frothy bubbles) from a geography lesson taught by her teacher,"Tilly Smith recognized the rapid sea recession and bubbling froth from a video shown by her geography teacher in England two weeks earlier, enabling her to sound the alarm.","[""Think about what she learned in school two weeks before."", ""Her geography teacher showed a video of a tsunami."", ""She recognized the bubbling, retreating ocean water.""]","[""Step 1: Tilly was on holiday in Thailand."", ""Step 2: She noticed the sea frothing and pulling back rapidly."", ""Step 3: Remembering her geography lesson, she screamed that a tsunami was coming.""]","[""Seeing"", ""Doing""]","[""general"", ""space"", ""animals""]",Sparkles
6aad5689c039c717b080ae44,Glimpses of the Past (1757 - 1857 Indian Freedom Struggle) (APPLICATION),English,8,Class 8,Glimpses of the Past (1757 - 1857),3,3,"In the graphic history 'Glimpses of the Past', which Indian soldier fired the first shot of open mutiny at Barrackpore against British grease-cartridges in 1857?",multiple_choice,"[""Mangal Pandey"", ""Tatya Tope"", ""Kunwar Singh"", ""Nana Sahib""]",Mangal Pandey,"Sepoy Mangal Pandey of the 34th Bengal Native Infantry at Barrackpore led the open uprising against the grease-cartridges, sparking the 1857 rebellion.","[""He was a young sepoy at Barrackpore."", ""His heroic action ignited the 1857 rebellion."", ""His name is Mangal Pandey.""]","[""Step 1: Identify the mutiny spark: greased rifle cartridges."", ""Step 2: Young sepoy at Barrackpore attacked his British officers."", ""Step 3: The sepoy was Mangal Pandey.""]","[""Seeing"", ""Doing""]","[""general"", ""space"", ""animals""]",Sparkles
6aad5689c039c717b080ae46,A Visit to Cambridge (Stephen Hawking & Disability Pride) (APPLICATION),English,8,Class 8,A Visit to Cambridge (Stephen Hawking),3,3,"In 'A Visit to Cambridge', what powerful life advice did astrophysicist Stephen Hawking give to disabled people?",multiple_choice,"[""Disabled people should concentrate on what they are good at and not waste energy on artificial things"", ""They should continuously train for the Olympic games regardless of interest"", ""They should avoid academic studies and focus only on relaxing music"", ""They should travel abroad to live in foreign universities permanently""]",Disabled people should concentrate on what they are good at and not waste energy on artificial things,Hawking advised disabled people to concentrate on things they are exceptionally good at and avoid forcing themselves into artificial competitions that waste their vital energy.,"[""What did Hawking say about disabled people trying to do things they aren't suited for?"", ""Focus on your natural strengths and intellect."", ""Concentrate on what you are genuinely good at.""]","[""Step 1: Firdaus Kanga asked Hawking for advice for disabled people."", ""Step 2: Hawking remarked that disabled Olympics were often artificial."", ""Step 3: He advised: 'They should concentrate on what they are good at'.""]","[""Seeing"", ""Doing""]","[""general"", ""space"", ""animals""]",Sparkles
6aad5689c039c717b080ae48,The Fun They Had by Isaac Asimov (Futuristic Education) (APPLICATION),English,9,Class 9,The Fun They Had (Isaac Asimov),3,3,"In Isaac Asimov's story 'The Fun They Had', why did Margie hate her mechanical teacher?",multiple_choice,"[""It gave her continuous geography tests that were too difficult, requiring monotonous solitary screen learning"", ""It kept breaking down and emitting electrical sparks"", ""It forced her to do physical exercises outside in the cold"", ""It refused to answer any of Margie's questions""]","It gave her continuous geography tests that were too difficult, requiring monotonous solitary screen learning","The mechanical teacher was programmed at an advanced speed, giving Margie test after test in geography which she struggled with, turning learning into a lonely, joyless chore.","[""What subject was giving Margie trouble?"", ""The mechanical teacher's geography sector was geared too high."", ""It gave repeated frustrating tests on screen.""]","[""Step 1: Margie despised her mechanical teacher."", ""Step 2: The geography sector was geared too fast for an 11-year-old."", ""Step 3: She received test after test alone without human peer connection.""]","[""Seeing"", ""Doing""]","[""general"", ""space"", ""animals""]",Sparkles
6aad5689c039c717b080ae4a,The Sound of Music: Evelyn Glennie (Overcoming Sensory Challenges) (APPLICATION),English,9,Class 9,The Sound of Music - Evelyn Glennie,3,3,How does deaf virtuoso percussionist Evelyn Glennie perceive musical pitch and rhythm without using auditory ear hearing?,multiple_choice,"[""She senses acoustic vibrations somatically through different parts of her body and bare feet"", ""She reads the lip movements of orchestra conductors"", ""She wears high-power electronic hearing aids at every concert"", ""She memorizes sheet music numbers without sensing vibrations""]",She senses acoustic vibrations somatically through different parts of her body and bare feet,"Glennie famously removes her shoes on wooden concert stages to feel vibrations pass up through her bare feet, sensing higher notes above her waist and lower notes below her waist.","[""How did percussionist Ron Forbes teach her to listen?"", ""He told her not to listen through ears, but sense it another way."", ""She feels vibrations through her body and feet.""]","[""Step 1: Evelyn lost her hearing by age 12."", ""Step 2: Master percussionist Forbes tuned two drums to different notes."", ""Step 3: She learned to feel sound vibrations somatically through her body.""]","[""Seeing"", ""Doing""]","[""general"", ""space"", ""animals""]",Sparkles
6aad5689c039c717b080ae4c,A Truly Beautiful Mind: Albert Einstein (Neurodivergence & Pacifism) (APPLICATION),English,9,Class 9,A Truly Beautiful Mind - Albert Einstein,3,3,"Why did Albert Einstein clash with teachers and leave his high school in Munich, Germany at age 15?",multiple_choice,"[""He felt suffocated by strict rote discipline and authoritarian regimentation that stifled independent curiosity"", ""He repeatedly failed all mathematics and physics examinations"", ""He was expelled for refusing to participate in school sports"", ""His family wanted him to become a military officer immediately""]",He felt suffocated by strict rote discipline and authoritarian regimentation that stifled independent curiosity,"Einstein despised the rigid, mindless military regimentation of German schools where rote memorization was prized over questioning and free inquiry, leading him to leave Munich.","[""Did Einstein like rote memorization?"", ""He hated strict authoritarian rules that blocked free thought."", ""He felt suffocated by school regimentation.""]","[""Step 1: Einstein valued questioning and conceptual visualization."", ""Step 2: Munich gymnasium emphasized rigid military discipline."", ""Step 3: He felt stifled and left to study in Switzerland.""]","[""Seeing"", ""Doing""]","[""general"", ""space"", ""animals""]",Sparkles
6aad5689c039c717b080ae4e,My Childhood by A.P.J. Abdul Kalam (Secular Harmony & Humility) (APPLICATION),English,9,Class 9,My Childhood - A.P.J. Abdul Kalam,3,3,"In 'My Childhood', how did head priest Lakshmana Sastry handle the new school teacher who forced Kalam to move away from his Brahmin friend Ramanadha?",multiple_choice,"[""He sternly told the teacher not to poison innocent children's minds with social inequality and demanded an immediate apology"", ""He transferred his son Ramanadha to another private school"", ""He complained to the British colonial commissioner in Madras"", ""He advised Abdul Kalam to sit quietly at the back of the classroom""]",He sternly told the teacher not to poison innocent children's minds with social inequality and demanded an immediate apology,"Lakshmana Sastry summoned the new teacher and made it clear that religious communal prejudice would not be tolerated in their community, reforming the young teacher.","[""Did the head priest support or condemn religious segregation?"", ""He strongly condemned prejudice."", ""He ordered the teacher to apologize or quit the school.""]","[""Step 1: The new teacher separated Kalam and Ramanadha based on religion."", ""Step 2: Lakshmana Sastry summoned the teacher."", ""Step 3: He commanded the teacher never to spread communal intolerance among children.""]","[""Seeing"", ""Doing""]","[""general"", ""space"", ""animals""]",Sparkles
6aad5689c039c717b080ae50,"A Letter to God by G.L. Fuentes (Faith, Irony & Human Nature) (APPLICATION)",English,10,Class 10,A Letter to God (G.L. Fuentes),4,3,What profound situational irony concludes the story 'A Letter to God'?,multiple_choice,"[""Lencho suspects the compassionate postal workers who generously contributed money of being 'a bunch of crooks' who stole from him"", ""The postmaster refuses to read Lencho's letter and burns it"", ""A second hailstorm arrives and destroys the post office building"", ""Lencho discovers gold buried under his destroyed corn field""]",Lencho suspects the compassionate postal workers who generously contributed money of being 'a bunch of crooks' who stole from him,The poignant situational irony is that the very post office employees who sacrificed their own salaries out of pure charity to preserve Lencho's faith are branded by him as dishonest thieves.,"[""What did Lencho call the post office workers in his second letter?"", ""He called them a 'bunch of crooks'."", ""They were the ones who actually gave him their own money.""]","[""Step 1: Postmaster collected 70 pesos out of kindness."", ""Step 2: Lencho received 70 pesos instead of 100."", ""Step 3: Irony: Lencho blamed the charitable helpers for stealing the missing 30 pesos.""]","[""Seeing"", ""Doing""]","[""general"", ""space"", ""animals""]",Sparkles
6aad5689c039c717b080ae52,Nelson Mandela: Long Walk to Freedom (Courage & Emancipation) (APPLICATION),English,10,Class 10,Nelson Mandela: Long Walk to Freedom,4,3,"According to Nelson Mandela in 'Long Walk to Freedom', how is TRUE COURAGE defined?",multiple_choice,"[""Courage is not the absence of fear, but the triumph over fear"", ""Courage is the complete lack of physical or emotional fear"", ""Courage is winning military battles without negotiating peace"", ""Courage is ignoring the needs of others to protect oneself""]","Courage is not the absence of fear, but the triumph over fear","Mandela observed: 'I learned that courage was not the absence of fear, but the triumph over it. The brave man is not he who does not feel afraid, but he who conquers that fear.'","[""Does a brave person feel fear?"", ""Yes, but they conquer it."", ""Courage is the triumph over fear.""]","[""Step 1: Mandela watched comrades risk lives for an ideal."", ""Step 2: He noted fear is a natural human emotion."", ""Step 3: True courage is conquering and triumphing over fear.""]","[""Seeing"", ""Doing""]","[""general"", ""space"", ""animals""]",Sparkles
6aad5689c039c717b080ae54,From the Diary of Anne Frank (Holocaust Testimony & Adolescence) (APPLICATION),English,10,Class 10,From the Diary of Anne Frank,4,3,What famous observation did Anne Frank record in her diary regarding why she preferred writing to confiding in acquaintances?,multiple_choice,"[""'Paper has more patience than people'"", ""'Silence is the ultimate weapon of war'"", ""'Books are more dangerous than guns'"", ""'Words fade away while deeds remain'""]",'Paper has more patience than people',"Anne wrote 'Paper has more patience than people' because a diary listens quietly without judgment, boredom, or betrayal, allowing her to express her authentic thoughts freely.","[""Think about paper versus human listeners."", ""Paper never gets tired of listening to your thoughts."", ""She wrote: 'Paper has more patience than people'.""]","[""Step 1: Anne had loving parents and friends, but lacked a true confidante."", ""Step 2: She reflected on her desire to confide completely."", ""Step 3: She concluded: 'Paper has more patience than people'.""]","[""Seeing"", ""Doing""]","[""general"", ""space"", ""animals""]",Sparkles
6aad5689c039c717b080ae56,Glimpses of India & The Trees (Cultural Heritage & Liberation) (APPLICATION),English,10,Class 10,Glimpses of India & The Trees,4,3,"In 'Glimpses of India', what traditional title is given to the beloved village bread baker in Goa?",multiple_choice,"[""Pader"", ""Kabai"", ""Boliya"", ""Chaiwala""]",Pader,"The traditional Goan bread baker, whose jingling bamboo staff announced fresh morning loaves, is affectionately known as the 'Pader' in Goa.","[""It is a Portuguese-influenced Goan word for baker."", ""Begins with the letter 'P'."", ""The traditional baker is called a Pader.""]","[""Step 1: Recall the traditional bakery heritage in Goa."", ""Step 2: Elders fondly reminisce about the bread makers."", ""Step 3: The bakers are known as 'Pader'.""]","[""Seeing"", ""Doing""]","[""general"", ""space"", ""animals""]",Sparkles
