id,question_id,content,sensory_adaptation
1,1,"{""options"": [""Inside the dog house"", ""Outside in the garden"", ""On the roof of the shed"", ""Under the tree""], ""correct_answer"": ""Inside the dog house"", ""explanation"": ""Because the puppy is surrounded by the walls of the dog house, its position is inside."", ""hints"": [""Look at where the puppy is sleeping."", ""It is surrounded by the dog house walls."", ""The opposite of outside is inside.""], ""scaffold_steps"": [""Step 1: Locate the boundary of the dog house."", ""Step 2: Check if the puppy is within the walls."", ""Step 3: Choose 'Inside'.""]}",standard
2,2,"{""options"": [""7 planets"", ""6 planets"", ""8 planets"", ""5 planets""], ""correct_answer"": ""7 planets"", ""explanation"": ""Count 4 blue planets: 1, 2, 3, 4. Then count 3 more green planets: 5, 6, 7. In total there are 7 planets."", ""hints"": [""Start with the 4 blue planets."", ""Count up 3 more: 5, 6, 7!"", ""4 + 3 = 7.""], ""scaffold_steps"": [""Step 1: First group = 4."", ""Step 2: Add second group = 3."", ""Step 3: 4 + 3 = 7.""]}",standard
3,3,"{""options"": [""8 balloons"", ""7 balloons"", ""9 balloons"", ""6 balloons""], ""correct_answer"": ""8 balloons"", ""explanation"": ""Combine 5 red balloons with 3 yellow balloons: 5 + 3 = 8 balloons."", ""hints"": [""Start with Riya's 5 balloons."", ""Add the 3 new balloons: 6, 7, 8!"", ""5 + 3 = 8.""], ""scaffold_steps"": [""Step 1: Start at 5."", ""Step 2: Count forward 3 steps: 6, 7, 8."", ""Step 3: Total is 8.""]}",standard
4,4,"{""options"": [""5 mangoes"", ""4 mangoes"", ""6 mangoes"", ""3 mangoes""], ""correct_answer"": ""5 mangoes"", ""explanation"": ""7 mangoes take away 2 mangoes: 7 - 2 = 5 mangoes remain on the branch."", ""hints"": [""Start with 7 mangoes."", ""Take away 2: count back 6, 5."", ""7 - 2 = 5.""], ""scaffold_steps"": [""Step 1: Total mangoes = 7."", ""Step 2: Subtract 2 mangoes."", ""Step 3: Remaining = 5.""]}",standard
5,5,"{""options"": [""14"", ""104"", ""12"", ""16""], ""correct_answer"": ""14"", ""explanation"": ""1 bundle of ten (10) plus 4 loose ones (4) equals 14."", ""hints"": [""Start with the bundle of 10."", ""Count forward 4 ones: 11, 12, 13, 14."", ""10 + 4 = 14.""], ""scaffold_steps"": [""Step 1: Tens = 1 (value 10)."", ""Step 2: Ones = 4."", ""Step 3: 10 + 4 = 14.""]}",standard
6,6,"{""options"": [""Brush their teeth and wash up"", ""Go to sleep for the night"", ""Eat dinner under stars"", ""Watch the sunset""], ""correct_answer"": ""Brush their teeth and wash up"", ""explanation"": ""Brushing teeth and washing up is the standard healthy morning routine to start the day."", ""hints"": [""Think about what you do first when your alarm rings."", ""It helps clean your mouth before breakfast."", ""Morning routine starts with brushing teeth.""], ""scaffold_steps"": [""Step 1: Identify the time of day: Morning."", ""Step 2: Think about what happens after waking up."", ""Step 3: Choose brushing teeth.""]}",standard
7,7,"{""options"": [""The wooden ruler"", ""The eraser"", ""Both are equal length"", ""Cannot be determined""], ""correct_answer"": ""The wooden ruler"", ""explanation"": ""The wooden ruler extends much further than the eraser, so the ruler is longer."", ""hints"": [""Imagine a 30 cm ruler and a small rubber eraser."", ""Which one would stick out of your pocket?"", ""The ruler is longer.""], ""scaffold_steps"": [""Step 1: Ruler length = 30 cm."", ""Step 2: Eraser length = 4 cm."", ""Step 3: 30 cm > 4 cm, so the ruler is longer.""]}",standard
8,8,"{""options"": [""Triangle"", ""Square"", ""Circle"", ""Star""], ""correct_answer"": ""Triangle"", ""explanation"": ""The pattern alternates between Circle and Triangle. After Circle comes Triangle."", ""hints"": [""Say the shapes out loud: Circle, Triangle, Circle, Triangle..."", ""What follows right after Circle in this rule?"", ""It is Triangle.""], ""scaffold_steps"": [""Step 1: Identify the repeating unit: (Circle, Triangle)."", ""Step 2: The sequence just had a Circle."", ""Step 3: The next shape is Triangle.""]}",standard
9,9,"{""options"": [""A round tennis ball"", ""A flat matchbox"", ""A rectangular book"", ""A square wooden dice""], ""correct_answer"": ""A round tennis ball"", ""explanation"": ""A tennis ball is spherical with a curved surface all around, which enables it to roll smoothly."", ""hints"": [""Think about what happens when you push each item on a ramp."", ""Flat objects slide, curved round objects roll."", ""A ball rolls.""], ""scaffold_steps"": [""Step 1: Rolling requires curved surfaces."", ""Step 2: Tennis ball is round sphere."", ""Step 3: Select 'A round tennis ball'.""]}",standard
10,10,"{""options"": [""10 shoes"", ""7 shoes"", ""5 shoes"", ""12 shoes""], ""correct_answer"": ""10 shoes"", ""explanation"": ""Each pair has 2 shoes. 5 pairs = 5 \u00d7 2 = 10 shoes (2, 4, 6, 8, 10)."", ""hints"": [""Each pair means 2 shoes."", ""Skip count by 2s five times: 2, 4, 6, 8, 10."", ""5 \u00d7 2 = 10.""], ""scaffold_steps"": [""Step 1: 1 pair = 2 shoes."", ""Step 2: 5 pairs = 2 + 2 + 2 + 2 + 2."", ""Step 3: 5 \u00d7 2 = 10 shoes.""]}",standard
11,11,"{""options"": [""It goes down"", ""It goes up in the air"", ""It stays completely floating"", ""It disappears""], ""correct_answer"": ""It goes down"", ""explanation"": ""Gravity pulls with greater force on greater mass, causing the heavier pan to tilt downwards."", ""hints"": [""Think about playing on a seesaw with a friend who is heavier than you."", ""The heavier side pushes down."", ""The heavier pan goes down.""], ""scaffold_steps"": [""Step 1: Recall how balance scales work."", ""Step 2: Greater weight pulls downward."", ""Step 3: Pan goes down.""]}",standard
12,12,"{""options"": [""4 Tens and 6 Ones"", ""6 Tens and 4 Ones"", ""40 Tens and 6 Ones"", ""46 Tens and 0 Ones""], ""correct_answer"": ""4 Tens and 6 Ones"", ""explanation"": ""46 consists of 4 tens (40) and 6 ones (6): 40 + 6 = 46."", ""hints"": [""Look at the left digit (tens place): 4."", ""Look at the right digit (ones place): 6."", ""4 Tens and 6 Ones.""], ""scaffold_steps"": [""Step 1: Tens place digit = 4 (value 40)."", ""Step 2: Ones place digit = 6 (value 6)."", ""Step 3: 4 Tens and 6 Ones.""]}",standard
13,13,"{""options"": [""50"", ""45"", ""60"", ""41""], ""correct_answer"": ""50"", ""explanation"": ""The numbers increase by 10 at each step. 40 + 10 = 50."", ""hints"": [""Notice the pattern: 10, 20, 30, 40..."", ""Each number adds 10."", ""40 + 10 = 50.""], ""scaffold_steps"": [""Step 1: Find step difference: 20 - 10 = 10."", ""Step 2: Add 10 to 40."", ""Step 3: 40 + 10 = 50.""]}",standard
14,14,"{""options"": [""A large water bucket"", ""A small tea cup"", ""A plastic spoon"", ""A medicine dropper""], ""correct_answer"": ""A large water bucket"", ""explanation"": ""A bucket has a much larger physical capacity (several liters) compared to small cups or spoons."", ""hints"": [""Think about which container you use to take a bath or wash clothes."", ""A cup holds only a little water, a bucket holds a lot."", ""The bucket holds the largest volume.""], ""scaffold_steps"": [""Step 1: Compare volumes of items."", ""Step 2: Spoon < Cup < Bucket."", ""Step 3: Bucket is largest.""]}",standard
15,15,"{""options"": [""37 points"", ""35 points"", ""27 points"", ""40 points""], ""correct_answer"": ""37 points"", ""explanation"": ""Add ones: 3 + 4 = 7. Add tens: 2 + 1 = 3. Total score = 37 points."", ""hints"": [""Add ones: 3 + 4 = 7."", ""Add tens: 20 + 10 = 30."", ""30 + 7 = 37.""], ""scaffold_steps"": [""Step 1: Tens: 20 + 10 = 30."", ""Step 2: Ones: 3 + 4 = 7."", ""Step 3: 30 + 7 = 37.""]}",standard
16,16,"{""options"": [""Top view"", ""Side view showing doors"", ""Front view showing headlights"", ""Underbody view""], ""correct_answer"": ""Top view"", ""explanation"": ""Looking down from above an object provides its top (aerial) view, showing the roof, hood, and trunk."", ""hints"": [""You are high above looking straight down."", ""You see the roof of the car."", ""This is called the top view.""], ""scaffold_steps"": [""Step 1: Observer position = above the car."", ""Step 2: Viewing angle = looking straight down."", ""Step 3: This is the Top view.""]}",standard
17,17,"{""options"": [""100 runs"", ""50 runs"", ""200 runs"", ""10 runs""], ""correct_answer"": ""100 runs"", ""explanation"": ""A century in sport and numerical measurement represents exactly 100 units or runs."", ""hints"": [""Think about the word 'cent' in century."", ""A half-century is 50, so a full century is..."", ""A century equals 100 runs.""], ""scaffold_steps"": [""Step 1: Recall definition of century."", ""Step 2: 1 century = 100."", ""Step 3: Answer is 100 runs.""]}",standard
18,18,"{""options"": [""381 storybooks"", ""371 storybooks"", ""391 storybooks"", ""400 storybooks""], ""correct_answer"": ""381 storybooks"", ""explanation"": ""Add ones: 6 + 5 = 11 (1 ones, carry 1 ten). Add tens: 3 + 4 + 1 = 8 tens. Add hundreds: 1 + 2 = 3 hundreds. Total = 381."", ""hints"": [""Add ones: 6 + 5 = 11."", ""Add tens: 30 + 40 + 10 = 80."", ""Add hundreds: 100 + 200 = 300. Total is 381.""], ""scaffold_steps"": [""Step 1: 6 + 5 = 11 (carry 1)."", ""Step 2: 1 + 3 + 4 = 8."", ""Step 3: 1 + 2 = 3 -> 381.""]}",standard
19,19,"{""options"": [""100 cm"", ""10 cm"", ""1000 cm"", ""50 cm""], ""correct_answer"": ""100 cm"", ""explanation"": ""The metric standard definition establishes that 1 metre is composed of 100 centimetres."", ""hints"": [""The prefix 'centi' means one-hundredth."", ""There are 100 cents in a dollar and 100 cm in a metre."", ""1 m = 100 cm.""], ""scaffold_steps"": [""Step 1: Metric unit rule: 1 m = 100 cm."", ""Step 2: Select '100 cm'.""]}",standard
20,20,"{""options"": [""4 edges and 4 corners"", ""3 edges and 3 corners"", ""5 edges and 5 corners"", ""6 edges and 8 corners""], ""correct_answer"": ""4 edges and 4 corners"", ""explanation"": ""A rectangle is a 4-sided polygon with 4 straight sides (edges) and 4 vertices (corners)."", ""hints"": [""Look at your book cover or sheet of paper."", ""Count top, bottom, left, and right sides: that's 4 sides."", ""Count corners: 4.""], ""scaffold_steps"": [""Step 1: Shape = rectangle."", ""Step 2: Count edges = 4."", ""Step 3: Count vertices = 4.""]}",standard
21,21,"{""options"": [""4 o'clock (4:00)"", ""12 o'clock (12:00)"", ""4:30"", ""12:04""], ""correct_answer"": ""4 o'clock (4:00)"", ""explanation"": ""When the minute hand points to 12, it is the top of the hour. Since the hour hand points to 4, the time is 4:00."", ""hints"": [""Look at the short hand: it tells the hour (4)."", ""The long hand on 12 means zero minutes past."", ""It is 4 o'clock.""], ""scaffold_steps"": [""Step 1: Short hand = 4 (Hour)."", ""Step 2: Long hand = 12 (00 minutes)."", ""Step 3: Time is 4:00.""]}",standard
22,22,"{""options"": [""20 sunflowers"", ""16 sunflowers"", ""25 sunflowers"", ""9 sunflowers""], ""correct_answer"": ""20 sunflowers"", ""explanation"": ""4 rows of 5 flowers: 4 \u00d7 5 = 5 + 5 + 5 + 5 = 20 sunflowers."", ""hints"": [""Add 5 four times: 5, 10, 15, 20."", ""4 times 5 equals 20."", ""4 \u00d7 5 = 20.""], ""scaffold_steps"": [""Step 1: Number of rows = 4."", ""Step 2: Flowers per row = 5."", ""Step 3: 4 \u00d7 5 = 20 sunflowers.""]}",standard
23,23,"{""options"": [""5 lollipops"", ""3 lollipops"", ""4 lollipops"", ""6 lollipops""], ""correct_answer"": ""5 lollipops"", ""explanation"": ""Divide 15 equally by 3: 15 \u00f7 3 = 5 lollipops for each grandchild."", ""hints"": [""Think: 3 times what number equals 15?"", ""3 \u00d7 5 = 15."", ""Each gets 5 lollipops.""], ""scaffold_steps"": [""Step 1: Total lollipops = 15."", ""Step 2: Number of children = 3."", ""Step 3: 15 \u00f7 3 = 5.""]}",standard
24,24,"{""options"": [""6 faces"", ""4 faces"", ""8 faces"", ""12 faces""], ""correct_answer"": ""6 faces"", ""explanation"": ""A cuboid brick has 6 faces: top, bottom, front, back, left side, and right side."", ""hints"": [""Count: top and bottom (2), front and back (2), two sides (2)."", ""2 + 2 + 2 = 6."", ""A brick has 6 faces.""], ""scaffold_steps"": [""Step 1: Shape = cuboid."", ""Step 2: Faces = top/bottom + 4 vertical sides."", ""Step 3: 2 + 4 = 6 faces.""]}",standard
25,25,"{""options"": [""3000 metres"", ""300 metres"", ""30 metres"", ""30,000 metres""], ""correct_answer"": ""3000 metres"", ""explanation"": ""1 kilometre = 1000 metres. Therefore, 3 km = 3 \u00d7 1000 = 3000 metres."", ""hints"": [""Remember: 1 km = 1000 m."", ""Multiply 3 by 1000."", ""3 \u00d7 1000 = 3000 m.""], ""scaffold_steps"": [""Step 1: 1 km = 1000 m."", ""Step 2: 3 km = 3 \u00d7 1000 m."", ""Step 3: Distance = 3000 m.""]}",standard
26,26,"{""options"": [""\u20b9200"", ""\u20b9150"", ""\u20b9250"", ""\u20b9100""], ""correct_answer"": ""\u20b9200"", ""explanation"": ""Total cost = 4 tickets \u00d7 \u20b950 per ticket = \u20b9200."", ""hints"": [""Multiply 4 by 50."", ""4 \u00d7 5 = 20, so 4 \u00d7 50 = 200."", ""Total cost is \u20b9200.""], ""scaffold_steps"": [""Step 1: Quantity = 4 tickets."", ""Step 2: Rate = \u20b950."", ""Step 3: 4 \u00d7 \u20b950 = \u20b9200.""]}",standard
27,27,"{""options"": [""5:30 PM"", ""7:30 PM"", ""3:30 PM"", ""5:30 AM""], ""correct_answer"": ""5:30 PM"", ""explanation"": ""17:30 is in the afternoon/evening. Subtract 12: 17 - 12 = 5, so 17:30 = 5:30 PM."", ""hints"": [""For times greater than 12, subtract 12 from the hour."", ""17 - 12 = 5."", ""17:30 is 5:30 PM.""], ""scaffold_steps"": [""Step 1: Hour is 17 (> 12, so it's PM)."", ""Step 2: 17 - 12 = 5."", ""Step 3: Time = 5:30 PM.""]}",standard
28,28,"{""options"": [""\u20b94 per kg"", ""\u20b924 per kg"", ""\u20b914 per kg"", ""\u20b95 per kg""], ""correct_answer"": ""\u20b94 per kg"", ""explanation"": ""Profit = Selling Price - Cost Price = \u20b914 - \u20b910 = \u20b94 per kg."", ""hints"": [""Selling price is \u20b914, Cost price is \u20b910."", ""Profit = 14 - 10."", ""Profit is \u20b94 per kg.""], ""scaffold_steps"": [""Step 1: Selling Price = \u20b914."", ""Step 2: Cost Price = \u20b910."", ""Step 3: Profit = \u20b914 - \u20b910 = \u20b94.""]}",standard
29,29,"{""options"": [""1/2 (Half)"", ""1/4 (One quarter)"", ""3/4 (Three quarters)"", ""1/3 (One third)""], ""correct_answer"": ""1/2 (Half)"", ""explanation"": ""2 parts out of 4 equal parts is 2/4. Dividing numerator and denominator by 2 gives 1/2 (one half)."", ""hints"": [""2 out of 4 equal parts."", ""2 is exactly half of 4."", ""2/4 = 1/2.""], ""scaffold_steps"": [""Step 1: Fraction = 2/4."", ""Step 2: Simplify by dividing by 2: (2\u00f72)/(4\u00f72) = 1/2."", ""Step 3: Fraction is 1/2.""]}",standard
30,30,"{""options"": [""7 craft papers"", ""6 craft papers"", ""8 craft papers"", ""9 craft papers""], ""correct_answer"": ""7 craft papers"", ""explanation"": ""Divide total craft papers by groups: 28 \u00f7 4 = 7 papers per group."", ""hints"": [""Think: 4 times what number equals 28?"", ""4 \u00d7 7 = 28."", ""Each group gets 7 craft papers.""], ""scaffold_steps"": [""Step 1: Total = 28."", ""Step 2: Groups = 4."", ""Step 3: 28 \u00f7 4 = 7.""]}",standard
31,31,"{""options"": [""26 metres"", ""40 metres"", ""13 metres"", ""24 metres""], ""correct_answer"": ""26 metres"", ""explanation"": ""Perimeter = 2 \u00d7 (Length + Width) = 2 \u00d7 (8 + 5) = 2 \u00d7 13 = 26 metres."", ""hints"": [""Add all 4 sides: 8 + 5 + 8 + 5."", ""8 + 5 = 13, and 13 \u00d7 2 = 26."", ""The perimeter is 26 metres.""], ""scaffold_steps"": [""Step 1: Length = 8 m, Width = 5 m."", ""Step 2: Sum of two sides = 8 + 5 = 13 m."", ""Step 3: Perimeter = 13 \u00d7 2 = 26 m.""]}",standard
32,32,"{""options"": [""60 kilometres"", ""40 kilometres"", ""50 kilometres"", ""80 kilometres""], ""correct_answer"": ""60 kilometres"", ""explanation"": ""Distance = Speed \u00d7 Time = 20 km/h \u00d7 3 hours = 60 kilometres."", ""hints"": [""Distance = Speed \u00d7 Time."", ""Multiply 20 by 3."", ""20 \u00d7 3 = 60 km.""], ""scaffold_steps"": [""Step 1: Speed = 20 km/h."", ""Step 2: Time = 3 hours."", ""Step 3: Distance = 20 \u00d7 3 = 60 km.""]}",standard
33,33,"{""options"": [""Right angle"", ""Acute angle"", ""Obtuse angle"", ""Reflex angle""], ""correct_answer"": ""Right angle"", ""explanation"": ""An angle of exactly 90 degrees is defined as a Right Angle."", ""hints"": [""It looks like the letter L."", ""The corner of a square is 90\u00b0."", ""It is called a right angle.""], ""scaffold_steps"": [""Step 1: Angle measure = 90\u00b0."", ""Step 2: Geometry classification = Right angle."", ""Step 3: Choose 'Right angle'.""]}",standard
34,34,"{""options"": [""24 sq cm"", ""20 sq cm"", ""10 sq cm"", ""28 sq cm""], ""correct_answer"": ""24 sq cm"", ""explanation"": ""Area of rectangle = Length \u00d7 Width = 6 cm \u00d7 4 cm = 24 sq cm."", ""hints"": [""Area = Length \u00d7 Width."", ""Multiply 6 by 4."", ""6 \u00d7 4 = 24 sq cm.""], ""scaffold_steps"": [""Step 1: Length = 6 cm, Width = 4 cm."", ""Step 2: Area formula = L \u00d7 W."", ""Step 3: 6 \u00d7 4 = 24 sq cm.""]}",standard
35,35,"{""options"": [""3/4"", ""3/8"", ""1/2"", ""2/4""], ""correct_answer"": ""3/4"", ""explanation"": ""When denominators are the same, add numerators: 1/4 + 2/4 = (1 + 2)/4 = 3/4."", ""hints"": [""Denominators are both 4."", ""Add the top numbers: 1 + 2 = 3."", ""The total is 3/4.""], ""scaffold_steps"": [""Step 1: Common denominator = 4."", ""Step 2: Numerators sum = 1 + 2 = 3."", ""Step 3: Fraction = 3/4.""]}",standard
36,36,"{""options"": [""12"", ""24"", ""10"", ""18""], ""correct_answer"": ""12"", ""explanation"": ""Multiples of 4: 4, 8, 12, 16... Multiples of 6: 6, 12, 18... The least common multiple is 12."", ""hints"": [""List multiples of 4: 4, 8, 12, 16."", ""List multiples of 6: 6, 12, 18."", ""The smallest shared number is 12.""], ""scaffold_steps"": [""Step 1: Multiples of 4 = 4, 8, 12, 16, 20."", ""Step 2: Multiples of 6 = 6, 12, 18, 24."", ""Step 3: Smallest common number = 12.""]}",standard
37,37,"{""options"": [""\u20b90.75"", ""\u20b97.50"", ""\u20b975.00"", ""\u20b90.075""], ""correct_answer"": ""\u20b90.75"", ""explanation"": ""1 Rupee = 100 paise. Therefore, 75 paise = 75/100 = \u20b90.75."", ""hints"": [""100 paise = \u20b91.00."", ""75 paise is less than 1 Rupee."", ""It is written as \u20b90.75.""], ""scaffold_steps"": [""Step 1: Conversion rate: 100 paise = \u20b91."", ""Step 2: 75 \u00f7 100 = 0.75."", ""Step 3: \u20b90.75.""]}",standard
38,38,"{""options"": [""Perimeter = 20 cm, Area = 25 sq cm"", ""Perimeter = 25 cm, Area = 20 sq cm"", ""Perimeter = 10 cm, Area = 15 sq cm"", ""Perimeter = 20 cm, Area = 20 sq cm""], ""correct_answer"": ""Perimeter = 20 cm, Area = 25 sq cm"", ""explanation"": ""Perimeter = 4 \u00d7 side = 4 \u00d7 5 = 20 cm. Area = side \u00d7 side = 5 \u00d7 5 = 25 sq cm."", ""hints"": [""Perimeter = 4 \u00d7 side = 4 \u00d7 5 = 20 cm."", ""Area = side \u00d7 side = 5 \u00d7 5 = 25 sq cm."", ""Perimeter is 20 cm, Area is 25 sq cm.""], ""scaffold_steps"": [""Step 1: Side = 5 cm."", ""Step 2: Perimeter = 4 \u00d7 5 = 20 cm."", ""Step 3: Area = 5 \u00d7 5 = 25 sq cm.""]}",standard
39,39,"{""options"": [""Seven lakh fifty-four thousand three hundred twenty; rounded to nearest thousand is 7,54,000"", ""Seven million fifty-four thousand; rounded to nearest thousand is 7,55,000"", ""Seventy-five thousand four hundred thirty-two; rounded is 75,000"", ""Seven lakh five thousand four hundred twenty; rounded is 7,00,000""], ""correct_answer"": ""Seven lakh fifty-four thousand three hundred twenty; rounded to nearest thousand is 7,54,000"", ""explanation"": ""7,54,320 is 'Seven lakh fifty-four thousand three hundred twenty'. The hundreds digit is 3 (< 5), so rounding to the nearest thousand gives 7,54,000."", ""hints"": [""Check the periods: lakhs, thousands, hundreds."", ""To round to nearest thousand, check the hundreds digit (3)."", ""Since 3 is less than 5, keep the thousands digit as 4.""], ""scaffold_steps"": [""Step 1: Read periods: 7 (lakhs), 54 (thousands), 320 (ones)."", ""Step 2: Check hundreds digit: 3 < 5."", ""Step 3: 7,54,320 rounds down to 7,54,000.""]}",standard
40,40,"{""options"": [""Every whole number has a successor, but 0 does not have a predecessor in whole numbers"", ""Division by zero yields a whole number equal to zero"", ""Subtraction of any two whole numbers always gives a whole number"", ""The natural number 1 has no predecessor in natural numbers or whole numbers""], ""correct_answer"": ""Every whole number has a successor, but 0 does not have a predecessor in whole numbers"", ""explanation"": ""Whole numbers start at 0 (0, 1, 2, ...). 0 has no predecessor in the set of whole numbers, but every whole number n has successor n+1. Division by 0 is undefined."", ""hints"": [""What comes before zero in whole numbers?"", ""Are negative numbers included in whole numbers?"", ""Whole numbers start at 0, so 0 has no predecessor in whole numbers.""], ""scaffold_steps"": [""Step 1: Recall definition of W = {0, 1, 2, 3...}."", ""Step 2: Predecessor means n - 1."", ""Step 3: 0 - 1 = -1, which is not a whole number.""]}",standard
41,41,"{""options"": [""36 seconds"", ""24 seconds"", ""48 seconds"", ""72 seconds""], ""correct_answer"": ""36 seconds"", ""explanation"": ""The simultaneous blink time is the LCM of 12 and 18. Multiples of 12: 12, 24, 36, 48... Multiples of 18: 18, 36, 54... The lowest common multiple is 36."", ""hints"": [""We need the smallest common multiple of 12 and 18."", ""List the multiples of 18: 18, 36, 54..."", ""Is 36 divisible by 12? Yes: 12 * 3 = 36.""], ""scaffold_steps"": [""Step 1: Identify that simultaneous occurrence requires LCM."", ""Step 2: Prime factors: 12 = 2^2 * 3, 18 = 2 * 3^2."", ""Step 3: LCM = 2^2 * 3^2 = 4 * 9 = 36 seconds.""]}",standard
42,42,"{""options"": [""Ray"", ""Line segment"", ""Straight line"", ""Diagonal""], ""correct_answer"": ""Ray"", ""explanation"": ""A ray has one starting endpoint (origin) and extends endlessly in one direction (e.g., ray AB starts at A and goes through B endlessly)."", ""hints"": [""Think about a sunbeam or flashlight beam."", ""It starts at the bulb and goes outward forever."", ""This figure is called a ray.""], ""scaffold_steps"": [""Step 1: Line segment has 2 endpoints."", ""Step 2: Line has 0 endpoints (infinite in both directions)."", ""Step 3: Ray has exactly 1 endpoint.""]}",standard
43,43,"{""options"": [""-10\u00b0C"", ""-2\u00b0C"", ""2\u00b0C"", ""10\u00b0C""], ""correct_answer"": ""-10\u00b0C"", ""explanation"": ""Starting at -4\u00b0C, dropping by 6\u00b0C means moving 6 units to the left on the number line: -4 - 6 = -(4 + 6) = -10\u00b0C."", ""hints"": [""A drop in temperature means subtraction."", ""Start at -4 on the number line and move left by 6."", ""-4 - 6 = -10.""], ""scaffold_steps"": [""Step 1: Initial temperature = -4\u00b0C."", ""Step 2: Temperature drop = - 6\u00b0C."", ""Step 3: -4 - 6 = -10\u00b0C.""]}",standard
44,44,"{""options"": [""0.6"", ""0.35"", ""0.53"", ""0.15""], ""correct_answer"": ""0.6"", ""explanation"": ""3/5 can be converted to decimal by multiplying numerator and denominator by 2: (3 * 2) / (5 * 2) = 6/10 = 0.6."", ""hints"": [""Convert the denominator 5 to 10."", ""Multiply both top and bottom by 2."", ""3 * 2 = 6, and 6/10 = 0.6.""], ""scaffold_steps"": [""Step 1: Fraction is 3/5."", ""Step 2: Equivalent fraction with base 10 = (3 * 2)/(5 * 2) = 6/10."", ""Step 3: 6/10 = 0.6.""]}",standard
45,45,"{""options"": [""3n"", ""3 + n"", ""n / 3"", ""n - 3""], ""correct_answer"": ""3n"", ""explanation"": ""Each triangle requires 3 matchsticks. For 'n' triangles, the total number of matchsticks is 3 multiplied by n, written as 3n."", ""hints"": [""For 1 triangle: 3 * 1 = 3."", ""For 2 triangles: 3 * 2 = 6."", ""For n triangles: 3 * n = 3n.""], ""scaffold_steps"": [""Step 1: Matchsticks per triangle = 3."", ""Step 2: For n triangles, multiply 3 by n."", ""Step 3: Expression is 3n.""]}",standard
46,46,"{""options"": [""6 cups"", ""4 cups"", ""5 cups"", ""8 cups""], ""correct_answer"": ""6 cups"", ""explanation"": ""The ratio of sugar to flour is 2 : 3. To find sugar for 9 cups of flour: (2 / 3) * 9 = 2 * 3 = 6 cups."", ""hints"": [""Write the ratio as 2 / 3 = x / 9."", ""Flour increased from 3 to 9 (multiplied by 3)."", ""Multiply sugar by 3: 2 * 3 = 6 cups.""], ""scaffold_steps"": [""Step 1: Ratio is 2 cups sugar : 3 cups flour."", ""Step 2: Flour used is 9 cups = 3 * 3."", ""Step 3: Sugar needed = 2 * 3 = 6 cups.""]}",standard
47,47,"{""options"": [""55"", ""65"", ""-55"", ""-65""], ""correct_answer"": ""55"", ""explanation"": ""First, (-12) * (-5) = +60. Next, (-30) / 6 = -5. Then, 60 + (-5) = 60 - 5 = 55."", ""hints"": [""Multiply first: what is (-12) * (-5)? It is +60."", ""Divide next: what is (-30) / 6? It is -5."", ""Now combine: 60 + (-5) = 55.""], ""scaffold_steps"": [""Step 1: (-12) * (-5) = +60 (neg * neg = pos)."", ""Step 2: (-30) / 6 = -5 (neg / pos = neg)."", ""Step 3: 60 + (-5) = 55.""]}",standard
48,48,"{""options"": [""14 pieces"", ""12 pieces"", ""16 pieces"", ""7 pieces""], ""correct_answer"": ""14 pieces"", ""explanation"": ""Divide total length by piece length: (7/2) / (1/4) = (7/2) * (4/1) = 28 / 2 = 14 pieces."", ""hints"": [""To divide by a fraction, multiply by its reciprocal."", ""The reciprocal of 1/4 is 4/1."", ""(7/2) * 4 = 28 / 2 = 14.""], ""scaffold_steps"": [""Step 1: Formula = Total length / Piece length."", ""Step 2: (7/2) / (1/4) = (7/2) * 4."", ""Step 3: 28 / 2 = 14.""]}",standard
49,49,"{""options"": [""15"", ""16"", ""18"", ""14""], ""correct_answer"": ""15"", ""explanation"": ""First arrange data in ascending order: 11, 12, 14, 15, 18, 19, 25. With n = 7 (odd), the median is the 4th value: 15."", ""hints"": [""Always sort the numbers in ascending order first."", ""Sorted list: 11, 12, 14, 15, 18, 19, 25."", ""Which number sits exactly in the center? It is 15.""], ""scaffold_steps"": [""Step 1: Sort scores: 11, 12, 14, 15, 18, 19, 25."", ""Step 2: Total scores n = 7."", ""Step 3: Middle position = (7+1)/2 = 4th item = 15.""]}",standard
50,50,"{""options"": [""8"", ""7"", ""6"", ""9""], ""correct_answer"": ""8"", ""explanation"": ""Transpose -7 to RHS: 4x = 25 + 7 = 32. Divide both sides by 4: x = 32 / 4 = 8."", ""hints"": [""Move -7 to the right side by adding 7."", ""4x = 25 + 7 = 32."", ""Divide 32 by 4: x = 8.""], ""scaffold_steps"": [""Step 1: 4x - 7 = 25."", ""Step 2: 4x = 25 + 7 = 32."", ""Step 3: x = 32 / 4 = 8.""]}",standard
51,51,"{""options"": [""115\u00b0"", ""25\u00b0"", ""125\u00b0"", ""35\u00b0""], ""correct_answer"": ""115\u00b0"", ""explanation"": ""Supplementary angles have a sum of 180\u00b0. Therefore, the second angle is 180\u00b0 - 65\u00b0 = 115\u00b0."", ""hints"": [""Supplementary angles add up to 180\u00b0."", ""Subtract 65\u00b0 from 180\u00b0."", ""180 - 65 = 115\u00b0.""], ""scaffold_steps"": [""Step 1: Recall supplementary angle definition: a + b = 180\u00b0."", ""Step 2: Substitute: 65\u00b0 + b = 180\u00b0."", ""Step 3: b = 180\u00b0 - 65\u00b0 = 115\u00b0.""]}",standard
52,52,"{""options"": [""10 cm"", ""14 cm"", ""12 cm"", ""9 cm""], ""correct_answer"": ""10 cm"", ""explanation"": ""By Pythagoras theorem: Hypotenuse^2 = 6^2 + 8^2 = 36 + 64 = 100. Hypotenuse = sqrt(100) = 10 cm."", ""hints"": [""Use Pythagoras theorem: c^2 = a^2 + b^2."", ""6^2 = 36 and 8^2 = 64."", ""36 + 64 = 100, and sqrt(100) = 10.""], ""scaffold_steps"": [""Step 1: Formula: c^2 = a^2 + b^2."", ""Step 2: c^2 = 6^2 + 8^2 = 36 + 64 = 100."", ""Step 3: c = sqrt(100) = 10 cm.""]}",standard
53,53,"{""options"": [""Rs 900"", ""Rs 600"", ""Rs 1,500"", ""Rs 300""], ""correct_answer"": ""Rs 900"", ""explanation"": ""SI = (P * R * T) / 100 = (5000 * 6 * 3) / 100 = 50 * 18 = Rs 900."", ""hints"": [""Use formula: SI = (P * R * T) / 100."", ""P = 5000, R = 6, T = 3."", ""(5000 * 18) / 100 = 50 * 18 = 900.""], ""scaffold_steps"": [""Step 1: Identify P = 5000, R = 6, T = 3."", ""Step 2: SI = (5000 * 6 * 3) / 100."", ""Step 3: SI = 50 * 18 = Rs 900.""]}",standard
54,54,"{""options"": [""44 meters"", ""154 meters"", ""22 meters"", ""88 meters""], ""correct_answer"": ""44 meters"", ""explanation"": ""Circumference C = 2 * pi * r = 2 * (22/7) * 7 = 2 * 22 = 44 meters."", ""hints"": [""Circumference formula is 2 * pi * r."", ""Cancel the 7 in the denominator with radius 7."", ""2 * 22 = 44 meters.""], ""scaffold_steps"": [""Step 1: Formula = 2 * pi * r."", ""Step 2: C = 2 * (22/7) * 7."", ""Step 3: C = 2 * 22 = 44 m.""]}",standard
55,55,"{""options"": [""Division"", ""Addition"", ""Multiplication"", ""Subtraction""], ""correct_answer"": ""Division"", ""explanation"": ""The set of rational numbers is not closed under division because dividing any rational number by zero is undefined (e.g., 5/0 is not a rational number)."", ""hints"": [""Can you divide any number by zero?"", ""Division by zero is undefined."", ""Therefore, rational numbers are not closed under division.""], ""scaffold_steps"": [""Step 1: Closure means applying an operation to any two members always produces a member of the set."", ""Step 2: Consider rational number a and rational number 0."", ""Step 3: a / 0 is undefined, violating closure.""]}",standard
56,56,"{""options"": [""5"", ""3"", ""-5"", ""1""], ""correct_answer"": ""5"", ""explanation"": ""Transpose 2x to LHS and -7 to RHS: 5x - 2x = 8 + 7 => 3x = 15 => x = 15 / 3 = 5."", ""hints"": [""Move 2x to the left: 5x - 2x = 3x."", ""Move -7 to the right: 8 + 7 = 15."", ""Divide 15 by 3 to get x.""], ""scaffold_steps"": [""Step 1: 5x - 7 = 2x + 8."", ""Step 2: 5x - 2x = 8 + 7."", ""Step 3: 3x = 15 => x = 5.""]}",standard
57,57,"{""options"": [""105\u00b0"", ""75\u00b0"", ""115\u00b0"", ""85\u00b0""], ""correct_answer"": ""105\u00b0"", ""explanation"": ""In any parallelogram, adjacent angles are consecutive interior angles between parallel lines and are therefore supplementary: Angle B = 180\u00b0 - 75\u00b0 = 105\u00b0."", ""hints"": [""Adjacent angles in a parallelogram add up to 180\u00b0."", ""Subtract 75\u00b0 from 180\u00b0."", ""180 - 75 = 105\u00b0.""], ""scaffold_steps"": [""Step 1: Adjacent angles of a parallelogram are supplementary."", ""Step 2: Angle A + Angle B = 180\u00b0."", ""Step 3: Angle B = 180\u00b0 - 75\u00b0 = 105\u00b0.""]}",standard
58,58,"{""options"": [""35"", ""25"", ""45"", ""37""], ""correct_answer"": ""35"", ""explanation"": ""Prime factorisation of 1225: 5 * 5 * 7 * 7 = (5 * 7)^2 = 35^2. Therefore, sqrt(1225) = 35."", ""hints"": [""The number ends in 25, so its square root must end in 5."", ""Test 35: 35 * 35 = 1225."", ""The square root is 35.""], ""scaffold_steps"": [""Step 1: 1225 = 5 * 245 = 5 * 5 * 49 = 5^2 * 7^2."", ""Step 2: sqrt(1225) = sqrt(5^2 * 7^2) = 5 * 7."", ""Step 3: 5 * 7 = 35.""]}",standard
59,59,"{""options"": [""15"", ""25"", ""13"", ""17""], ""correct_answer"": ""15"", ""explanation"": ""Prime factorisation of 3375 = 3 * 3 * 3 * 5 * 5 * 5 = (3^3) * (5^3). Taking one factor from each triplet gives 3 * 5 = 15."", ""hints"": [""Group factors into triplets of three identical numbers."", ""3375 = (3 * 3 * 3) * (5 * 5 * 5)."", ""Multiply 3 by 5 to get 15.""], ""scaffold_steps"": [""Step 1: 3375 / 3 = 1125 / 3 = 375 / 3 = 125."", ""Step 2: 125 = 5 * 5 * 5. Factors: (3 * 3 * 3) and (5 * 5 * 5)."", ""Step 3: Cube root = 3 * 5 = 15.""]}",standard
60,60,"{""options"": [""4x^2 + 12xy + 9y^2"", ""4x^2 + 6xy + 9y^2"", ""4x^2 + 9y^2"", ""2x^2 + 6xy + 3y^2""], ""correct_answer"": ""4x^2 + 12xy + 9y^2"", ""explanation"": ""Using identity (a + b)^2 = a^2 + 2ab + b^2 where a = 2x and b = 3y: (2x)^2 + 2(2x)(3y) + (3y)^2 = 4x^2 + 12xy + 9y^2."", ""hints"": [""Recall (a + b)^2 = a^2 + 2ab + b^2."", ""Here a = 2x and b = 3y."", ""Middle term is 2 * (2x) * (3y) = 12xy.""], ""scaffold_steps"": [""Step 1: Square of first term: (2x)^2 = 4x^2."", ""Step 2: Twice product of terms: 2 * (2x) * (3y) = 12xy."", ""Step 3: Square of second term: (3y)^2 = 9y^2. Total: 4x^2 + 12xy + 9y^2.""]}",standard
61,61,"{""options"": [""1,540 cm^3"", ""440 cm^3"", ""770 cm^3"", ""2,200 cm^3""], ""correct_answer"": ""1,540 cm^3"", ""explanation"": ""Volume = pi * r^2 * h = (22/7) * 7 * 7 * 10 = 22 * 7 * 10 = 154 * 10 = 1,540 cm^3."", ""hints"": [""Volume of a cylinder is pi * r^2 * h."", ""Substitute r = 7 and h = 10."", ""(22/7) * 49 * 10 = 22 * 7 * 10 = 1540.""], ""scaffold_steps"": [""Step 1: Formula = pi * r^2 * h."", ""Step 2: Substitute: (22/7) * 7 * 7 * 10."", ""Step 3: 22 * 7 * 10 = 1,540 cm^3.""]}",standard
62,62,"{""options"": [""(sqrt(5) - sqrt(2)) / 3"", ""(sqrt(5) + sqrt(2)) / 3"", ""(sqrt(5) - sqrt(2)) / 7"", ""sqrt(5) - sqrt(2)""], ""correct_answer"": ""(sqrt(5) - sqrt(2)) / 3"", ""explanation"": ""Multiply numerator and denominator by the conjugate (sqrt(5) - sqrt(2)): (sqrt(5) - sqrt(2)) / ((sqrt(5))^2 - (sqrt(2))^2) = (sqrt(5) - sqrt(2)) / (5 - 2) = (sqrt(5) - sqrt(2)) / 3."", ""hints"": [""Multiply top and bottom by the conjugate: sqrt(5) - sqrt(2)."", ""In the denominator, apply (a+b)(a-b) = a^2 - b^2."", ""5 - 2 = 3 in the denominator.""], ""scaffold_steps"": [""Step 1: Conjugate of (sqrt(5) + sqrt(2)) is (sqrt(5) - sqrt(2))."", ""Step 2: Denominator becomes (sqrt(5))^2 - (sqrt(2))^2 = 5 - 2 = 3."", ""Step 3: Result is (sqrt(5) - sqrt(2)) / 3.""]}",standard
63,63,"{""options"": [""7"", ""9"", ""-1"", ""5""], ""correct_answer"": ""7"", ""explanation"": ""By the Remainder Theorem, the remainder is p(2). Substitute x = 2: p(2) = 2(2^3) - 3(2^2) + 4(2) - 5 = 2(8) - 3(4) + 8 - 5 = 16 - 12 + 8 - 5 = 7."", ""hints"": [""Substitute x = 2 into the polynomial p(x)."", ""2*(8) - 3*(4) + 4*(2) - 5."", ""16 - 12 + 8 - 5 = 7.""], ""scaffold_steps"": [""Step 1: By Remainder Theorem, Remainder = p(2)."", ""Step 2: p(2) = 2(8) - 3(4) + 8 - 5 = 16 - 12 + 8 - 5."", ""Step 3: 4 + 8 - 5 = 7.""]}",standard
64,64,"{""options"": [""Quadrant II"", ""Quadrant I"", ""Quadrant III"", ""Quadrant IV""], ""correct_answer"": ""Quadrant II"", ""explanation"": ""For point P(-4, 5), the x-coordinate (abscissa) is negative (-4) and the y-coordinate (ordinate) is positive (+5). Points with signs (-, +) lie in Quadrant II."", ""hints"": [""Look at the signs of the coordinates: x is negative, y is positive."", ""Q1 is (+,+), Q2 is (-,+), Q3 is (-,-), Q4 is (+,-)."", ""Therefore, (-4, 5) is in Quadrant II.""], ""scaffold_steps"": [""Step 1: Identify sign of x: negative (-4)."", ""Step 2: Identify sign of y: positive (+5)."", ""Step 3: Quadrant with (-, +) is Quadrant II.""]}",standard
65,65,"{""options"": [""(4, 3)"", ""(2, 5)"", ""(5, 2)"", ""(3, 4)""], ""correct_answer"": ""(4, 3)"", ""explanation"": ""Substitute x = 4, y = 3 into LHS: 3(4) + 2(3) = 12 + 6 = 18. Since LHS = RHS, (4, 3) is a valid solution."", ""hints"": [""Test each option by substituting x and y into 3x + 2y."", ""For (4,3): 3*4 + 2*3 = 12 + 6."", ""12 + 6 = 18, matching the equation.""], ""scaffold_steps"": [""Step 1: Test (4, 3): 3(4) + 2(3) = 12 + 6 = 18."", ""Step 2: LHS = RHS = 18."", ""Step 3: (4, 3) is a solution.""]}",standard
66,66,"{""options"": [""AAA (Angle-Angle-Angle)"", ""SAS (Side-Angle-Side)"", ""RHS (Right angle-Hypotenuse-Side)"", ""SSS (Side-Side-Side)""], ""correct_answer"": ""AAA (Angle-Angle-Angle)"", ""explanation"": ""AAA only guarantees similarity (same shape/proportions), not congruence (same size). A tiny equilateral triangle and a giant equilateral triangle have identical 60\u00b0 angles but are not congruent."", ""hints"": [""Can two triangles have the same angles but completely different sizes?"", ""Think of scaling or zooming a photo."", ""Equal angles without any side measurement is AAA (similarity, not congruence).""], ""scaffold_steps"": [""Step 1: Congruence requires triangles to have identical shape AND size."", ""Step 2: AAA ensures identical angle shape, but size can vary arbitrarily."", ""Step 3: Therefore, AAA is not a congruence criterion.""]}",standard
67,67,"{""options"": [""10 cm"", ""14 cm"", ""12 cm"", ""7 cm""], ""correct_answer"": ""10 cm"", ""explanation"": ""Slant height l = sqrt(r^2 + h^2) = sqrt(6^2 + 8^2) = sqrt(36 + 64) = sqrt(100) = 10 cm."", ""hints"": [""Slant height forms the hypotenuse of a right triangle with radius and height."", ""l^2 = r^2 + h^2."", ""6^2 + 8^2 = 36 + 64 = 100; sqrt(100) = 10 cm.""], ""scaffold_steps"": [""Step 1: Formula for slant height: l = sqrt(r^2 + h^2)."", ""Step 2: l = sqrt(6^2 + 8^2) = sqrt(36 + 64) = sqrt(100)."", ""Step 3: l = 10 cm.""]}",standard
68,68,"{""options"": [""0.48"", ""0.52"", ""0.24"", ""0.50""], ""correct_answer"": ""0.48"", ""explanation"": ""Empirical probability P(Head) = Favorable trials / Total trials = 240 / 500 = 48 / 100 = 0.48."", ""hints"": [""Number of heads = 240, Total tosses = 500."", ""Divide 240 by 500."", ""240 / 500 = 0.48.""], ""scaffold_steps"": [""Step 1: Formula: P(E) = n(E) / N."", ""Step 2: P(Head) = 240 / 500."", ""Step 3: 240 / 500 = 0.48.""]}",standard
69,69,"{""options"": [""22,338"", ""21,114"", ""24,552"", ""18,920""], ""correct_answer"": ""22,338"", ""explanation"": ""Using formula HCF * LCM = Product of numbers: 9 * LCM = 306 * 657 => LCM = (306 * 657) / 9 = 34 * 657 = 22,338."", ""hints"": [""Use: HCF * LCM = a * b."", ""LCM = (306 * 657) / 9."", ""306 / 9 = 34; 34 * 657 = 22,338.""], ""scaffold_steps"": [""Step 1: Formula: LCM(a, b) = (a * b) / HCF(a, b)."", ""Step 2: LCM = (306 * 657) / 9."", ""Step 3: 34 * 657 = 22,338.""]}",standard
70,70,"{""options"": [""No real roots (discriminant D < 0)"", ""Two distinct real roots (discriminant D > 0)"", ""Two equal real roots (discriminant D = 0)"", ""Infinitely many real roots""], ""correct_answer"": ""No real roots (discriminant D < 0)"", ""explanation"": ""Discriminant D = b^2 - 4ac = (-4)^2 - 4(2)(3) = 16 - 24 = -8. Since D < 0, the equation possesses no real roots."", ""hints"": [""Calculate D = b^2 - 4ac."", ""a = 2, b = -4, c = 3."", ""D = 16 - 24 = -8. Since -8 < 0, there are no real roots.""], ""scaffold_steps"": [""Step 1: Identify a = 2, b = -4, c = 3."", ""Step 2: D = (-4)^2 - 4(2)(3) = 16 - 24 = -8."", ""Step 3: D < 0 implies no real roots.""]}",standard
71,71,"{""options"": [""a1/a2 = b1/b2 != c1/c2"", ""a1/a2 != b1/b2"", ""a1/a2 = b1/b2 = c1/c2"", ""a1*a2 + b1*b2 = 0""], ""correct_answer"": ""a1/a2 = b1/b2 != c1/c2"", ""explanation"": ""When ratio of x-coefficients equals ratio of y-coefficients but differs from ratio of constant terms (a1/a2 = b1/b2 != c1/c2), the lines are parallel and possess no common solution point."", ""hints"": [""Parallel lines have equal slopes but different intercepts."", ""Equal slopes means a1/a2 = b1/b2."", ""Different intercepts means != c1/c2.""], ""scaffold_steps"": [""Step 1: Intersecting (unique) = a1/a2 != b1/b2."", ""Step 2: Coincident (infinite) = a1/a2 = b1/b2 = c1/c2."", ""Step 3: Parallel (no solution) = a1/a2 = b1/b2 != c1/c2.""]}",standard
72,72,"{""options"": [""58"", ""63"", ""53"", ""68""], ""correct_answer"": ""58"", ""explanation"": ""Here first term a = 3, common difference d = 8 - 3 = 5. Using a_n = a + (n - 1)d: a_12 = 3 + (12 - 1)*5 = 3 + 11*5 = 3 + 55 = 58."", ""hints"": [""First term a = 3, common difference d = 5."", ""Formula: a_n = a + (n - 1)d."", ""a_12 = 3 + 11*5 = 3 + 55 = 58.""], ""scaffold_steps"": [""Step 1: a = 3, d = 5, n = 12."", ""Step 2: a_12 = 3 + (12 - 1) * 5."", ""Step 3: 3 + 55 = 58.""]}",standard
73,73,"{""options"": [""5 units"", ""7 units"", ""25 units"", ""sqrt(7) units""], ""correct_answer"": ""5 units"", ""explanation"": ""Distance d = sqrt((x2 - x1)^2 + (y2 - y1)^2) = sqrt((6 - 2)^2 + (6 - 3)^2) = sqrt(4^2 + 3^2) = sqrt(16 + 9) = sqrt(25) = 5 units."", ""hints"": [""Use the distance formula: d = sqrt((x2 - x1)^2 + (y2 - y1)^2)."", ""(6 - 2) = 4 and (6 - 3) = 3."", ""sqrt(16 + 9) = sqrt(25) = 5.""], ""scaffold_steps"": [""Step 1: dx = 6 - 2 = 4; dy = 6 - 3 = 3."", ""Step 2: d^2 = 4^2 + 3^2 = 16 + 9 = 25."", ""Step 3: d = sqrt(25) = 5 units.""]}",standard
74,74,"{""options"": [""4/5"", ""3/4"", ""5/4"", ""1/5""], ""correct_answer"": ""4/5"", ""explanation"": ""Using identity sin^2(theta) + cos^2(theta) = 1: cos(theta) = sqrt(1 - sin^2(theta)) = sqrt(1 - (3/5)^2) = sqrt(1 - 9/25) = sqrt(16/25) = 4/5."", ""hints"": [""Use the Pythagorean trigonometric identity: cos^2(theta) = 1 - sin^2(theta)."", ""1 - (3/5)^2 = 1 - 9/25 = 16/25."", ""sqrt(16/25) = 4/5.""], ""scaffold_steps"": [""Step 1: Formula: cos(theta) = sqrt(1 - sin^2(theta))."", ""Step 2: 1 - (9/25) = 16/25."", ""Step 3: sqrt(16/25) = 4/5.""]}",standard
75,75,"{""options"": [""30 meters"", ""15 meters"", ""30*sqrt(3) meters"", ""60 meters""], ""correct_answer"": ""30 meters"", ""explanation"": ""In right triangle: tan(45\u00b0) = Height / Distance => 1 = Height / 30 => Height = 30 meters."", ""hints"": [""tan(theta) = Opposite / Adjacent = Height / 30."", ""What is the value of tan(45\u00b0)? It is 1."", ""Height = 30 * 1 = 30 meters.""], ""scaffold_steps"": [""Step 1: Set up trigonometric ratio: tan(45\u00b0) = h / 30."", ""Step 2: Recall tan(45\u00b0) = 1."", ""Step 3: h = 30 * 1 = 30 meters.""]}",standard
76,76,"{""options"": [""1/13"", ""1/52"", ""1/4"", ""4/13""], ""correct_answer"": ""1/13"", ""explanation"": ""There are 4 Queens in a standard deck of 52 cards. Probability P(Queen) = Favorable outcomes / Total outcomes = 4 / 52 = 1 / 13."", ""hints"": [""How many Queens are in a standard 52-card deck?"", ""There are 4 Queens."", ""Divide 4 by 52 to get 1/13.""], ""scaffold_steps"": [""Step 1: Number of favorable outcomes n(E) = 4 Queens."", ""Step 2: Total sample space n(S) = 52 cards."", ""Step 3: P(E) = 4 / 52 = 1 / 13.""]}",standard
77,77,"{""options"": [""Ears"", ""Eyes"", ""Nose"", ""Tongue""], ""correct_answer"": ""Ears"", ""explanation"": ""Ears detect sound waves from the air, allowing us to hear speech, music, and warning bells."", ""hints"": [""You have two of them on the sides of your head."", ""They catch vibrations of sound."", ""Ears are for hearing.""], ""scaffold_steps"": [""Step 1: Action = listening to sound."", ""Step 2: Organ for hearing = Ears."", ""Step 3: Select 'Ears'.""]}",standard
78,78,"{""options"": [""Cow"", ""Lion"", ""Eagle"", ""Crocodile""], ""correct_answer"": ""Cow"", ""explanation"": ""Cows are gentle herbivorous domestic animals that provide nutritious milk for humans."", ""hints"": [""It says 'moo' and lives on a farm."", ""It eats green grass and hay."", ""The cow gives milk.""], ""scaffold_steps"": [""Step 1: Characteristic = provides milk on farms."", ""Step 2: Match with domestic herbivore: Cow."", ""Step 3: Choose 'Cow'.""]}",standard
79,79,"{""options"": [""Roots"", ""Flower"", ""Fruit"", ""Leaf""], ""correct_answer"": ""Roots"", ""explanation"": ""Roots spread through the soil beneath the ground to absorb water and nutrients for the entire plant."", ""hints"": [""This plant part is hidden beneath the soil."", ""It holds the plant firmly like an anchor."", ""Roots absorb water.""], ""scaffold_steps"": [""Step 1: Location = underground."", ""Step 2: Function = absorbs water."", ""Step 3: Plant part is Roots.""]}",standard
80,80,"{""options"": [""The Sun"", ""The Moon"", ""Comets"", ""Distant Stars""], ""correct_answer"": ""The Sun"", ""explanation"": ""The Sun illuminates our sky during daytime and radiates the heat that warms the Earth."", ""hints"": [""It rises in the East and sets in the West."", ""It makes the daytime bright and warm."", ""It is the Sun.""], ""scaffold_steps"": [""Step 1: Time = daytime sky."", ""Step 2: Provides = light and heat."", ""Step 3: Choose 'The Sun'.""]}",standard
81,81,"{""options"": [""Fresh milk"", ""Wheat flour"", ""Ripe bananas"", ""Green spinach leaves""], ""correct_answer"": ""Fresh milk"", ""explanation"": ""Milk is obtained from dairy animals such as cows, buffaloes, and goats. Wheat, bananas, and spinach come from plants."", ""hints"": [""Wheat, bananas, and spinach grow on plants in the soil."", ""Cows and goats provide this white drink."", ""Milk comes from animals.""], ""scaffold_steps"": [""Step 1: Identify animal source."", ""Step 2: Cows produce milk."", ""Step 3: Select 'Fresh milk'.""]}",standard
82,82,"{""options"": [""Rain"", ""Sea water"", ""Swimming pools"", ""Plastic bottles""], ""correct_answer"": ""Rain"", ""explanation"": ""Rain is the primary natural source of freshwater that fills rivers, lakes, and recharges underground groundwater."", ""hints"": [""It falls from gray clouds in the monsoon sky."", ""It is fresh, sweet water, unlike salty ocean water."", ""Rain fills rivers and lakes.""], ""scaffold_steps"": [""Step 1: Primary natural source = Rain."", ""Step 2: Replenishes rivers and groundwater."", ""Step 3: Choose 'Rain'.""]}",standard
83,83,"{""options"": [""A nest"", ""A kennel"", ""A beehive"", ""A spider web""], ""correct_answer"": ""A nest"", ""explanation"": ""Birds construct nests in tree branches or safe crevices to lay eggs and nurture their baby chicks."", ""hints"": [""It is built high up in tree branches using dry twigs."", ""Baby birds hatch out of eggs inside it."", ""Birds build nests.""], ""scaffold_steps"": [""Step 1: Creature = bird."", ""Step 2: Bird shelter = nest."", ""Step 3: Select 'A nest'.""]}",standard
84,84,"{""options"": [""Winter"", ""Summer"", ""Monsoon"", ""Spring""], ""correct_answer"": ""Winter"", ""explanation"": ""Winter is the cold season when temperatures drop, so people wear woolen garments to trap body heat."", ""hints"": [""Think about when it feels frosty and cold outside."", ""You drink hot soup and wear sweaters."", ""It is winter.""], ""scaffold_steps"": [""Step 1: Woolen clothes provide warmth."", ""Step 2: Needed when temperatures are cold."", ""Step 3: Cold season = Winter.""]}",standard
85,85,"{""options"": [""Chlorophyll"", ""Mud"", ""Honey"", ""Wax""], ""correct_answer"": ""Chlorophyll"", ""explanation"": ""Chlorophyll is the green pigment in leaves that absorbs solar energy to synthesize food during photosynthesis."", ""hints"": [""It gives leaves their bright green color."", ""It starts with the letter 'C'."", ""It is called chlorophyll.""], ""scaffold_steps"": [""Step 1: Green pigment in leaves."", ""Step 2: Traps sunlight for food."", ""Step 3: Answer is Chlorophyll.""]}",standard
86,86,"{""options"": [""Ice"", ""Steam"", ""Smoke"", ""Lava""], ""correct_answer"": ""Ice"", ""explanation"": ""Liquid water freezes at 0\u00b0C to form ice, which is the solid state of water."", ""hints"": [""Think about ice cubes in a cold summer drink."", ""Ice is cold and hard."", ""Water freezes into ice.""], ""scaffold_steps"": [""Step 1: Liquid water cools below freezing."", ""Step 2: State changes from liquid to solid."", ""Step 3: Solid water = Ice.""]}",standard
87,87,"{""options"": [""Herbivores"", ""Carnivores"", ""Omnivores"", ""Parasites""], ""correct_answer"": ""Herbivores"", ""explanation"": ""Herbivores are animals that feed exclusively on plants and plant products."", ""hints"": [""'Herb' means plant."", ""Herbivores eat herbs, grass, and leaves."", ""Cows and deer are herbivores.""], ""scaffold_steps"": [""Step 1: Diet = plants and grass only."", ""Step 2: Prefix 'Herb-' = plant."", ""Step 3: Term is Herbivores.""]}",standard
88,88,"{""options"": [""Steel railway tracks"", ""Open ocean water"", ""Muddy footpaths"", ""Air runways""], ""correct_answer"": ""Steel railway tracks"", ""explanation"": ""Trains run on designated iron/steel railway tracks that support their heavy weight and guide their wheels."", ""hints"": [""Look at a train station."", ""Trains have grooved metal wheels that fit into steel tracks."", ""They run on railway tracks.""], ""scaffold_steps"": [""Step 1: Vehicle = Train."", ""Step 2: Required surface = Railway tracks."", ""Step 3: Select 'Steel railway tracks'.""]}",standard
89,89,"{""options"": [""Assam"", ""Rajasthan"", ""Gujarat"", ""Punjab""], ""correct_answer"": ""Assam"", ""explanation"": ""Assam receives intense monsoon rainfall that floods rivers, so communities build raised bamboo bridges for safe crossing."", ""hints"": [""It is famous for tea gardens and the Brahmaputra river."", ""It is in Northeast India."", ""The state is Assam.""], ""scaffold_steps"": [""Step 1: Clue = heavy rainfall and bamboo bridges."", ""Step 2: Match state = Assam."", ""Step 3: Select 'Assam'.""]}",standard
90,90,"{""options"": [""The Queen bee"", ""The Worker bee"", ""The Drone bee"", ""The Soldier bee""], ""correct_answer"": ""The Queen bee"", ""explanation"": ""The Queen bee is the sole fertile female in the hive whose primary biological responsibility is laying eggs."", ""hints"": [""She is the largest bee in the hive."", ""She lays up to 2,000 eggs a day."", ""She is the Queen bee.""], ""scaffold_steps"": [""Step 1: Role = laying eggs in colony."", ""Step 2: Female caste = Queen bee."", ""Step 3: Choose 'The Queen bee'.""]}",standard
91,91,"{""options"": [""Dumping of factory chemical waste and untreated city sewage"", ""Fish swimming in the water"", ""Sunlight shining on the water"", ""Clean mountain snow melting into it""], ""correct_answer"": ""Dumping of factory chemical waste and untreated city sewage"", ""explanation"": ""Industrial effluents, chemical dumping, and domestic sewage pollute river ecosystems, threatening aquatic life and making water toxic."", ""hints"": [""Fish and sunlight are natural."", ""Pollution comes from human factories and cities dumping waste."", ""Factory waste and sewage.""], ""scaffold_steps"": [""Step 1: Identify pollutant source = human factories and cities."", ""Step 2: Mechanism = dumping untreated waste."", ""Step 3: Choose factory waste and sewage.""]}",standard
92,92,"{""options"": [""Water, Air, and Warmth"", ""Complete darkness and freezing ice"", ""Only dry chemical fertilizer"", ""No water and zero air""], ""correct_answer"": ""Water, Air, and Warmth"", ""explanation"": ""Seeds need water to activate metabolic enzymes, air (oxygen) for respiration, and suitable warmth to grow into seedlings."", ""hints"": [""Without water a seed stays dry and dormant."", ""It also needs air to breathe and warmth."", ""Water, Air, and Warmth.""], ""scaffold_steps"": [""Step 1: Seeds require hydration = Water."", ""Step 2: Seeds require respiration = Air."", ""Step 3: Seeds require temperature = Warmth.""]}",standard
93,93,"{""options"": [""A trail of chemical smell (pheromones)"", ""Tiny footprints carved in stone"", ""Flashing colorful light signals"", ""A trail of salt crystals""], ""correct_answer"": ""A trail of chemical smell (pheromones)"", ""explanation"": ""Ants secrete chemical scent markers (pheromones) that other colony members detect with their antennae to follow the trail."", ""hints"": [""They use their sense of smell."", ""The lead ant leaves a scented chemical trail."", ""They leave a trail of smell (pheromones).""], ""scaffold_steps"": [""Step 1: Behavior = ants walking in line."", ""Step 2: Communication medium = chemical scent."", ""Step 3: Answer is pheromone smell trail.""]}",standard
94,94,"{""options"": [""In the mouth"", ""In the stomach"", ""In the small intestine"", ""In the lungs""], ""correct_answer"": ""In the mouth"", ""explanation"": ""Digestion begins in the mouth where teeth mechanically break down food and saliva enzymatically starts digesting starches."", ""hints"": [""Think about where food enters your body first."", ""Your teeth chew it and saliva mixes with it."", ""Digestion starts in the mouth.""], ""scaffold_steps"": [""Step 1: First point of digestive tract = Mouth."", ""Step 2: Mechanical chewing + salivary amylase."", ""Step 3: Select 'In the mouth'.""]}",standard
95,95,"{""options"": [""The egg floats to the top"", ""The egg explodes instantly"", ""The egg turns into ice"", ""The egg dissolves completely""], ""correct_answer"": ""The egg floats to the top"", ""explanation"": ""Dissolving salt increases water density. When the salty water becomes denser than the egg, the buoyant force pushes the egg up to float."", ""hints"": [""Salt makes water heavier and denser."", ""Dense liquid pushes objects upward."", ""The egg floats to the top.""], ""scaffold_steps"": [""Step 1: Plain water: Egg density > Water density (sinks)."", ""Step 2: Add salt: Salty water density > Egg density."", ""Step 3: The egg floats.""]}",standard
96,96,"{""options"": [""Because of microgravity (apparent weightlessness in orbit)"", ""Because giant fans blew air upwards constantly"", ""Because space capsules have magnetic floors"", ""Because there was no air inside the cabin""], ""correct_answer"": ""Because of microgravity (apparent weightlessness in orbit)"", ""explanation"": ""In orbit, the spacecraft and astronauts are in continuous free fall, creating apparent weightlessness (microgravity) where objects float."", ""hints"": [""There is normal breathable air inside the station."", ""Objects float because gravity isn't pulling them onto a floor."", ""It is due to microgravity.""], ""scaffold_steps"": [""Step 1: Phenomenon = floating in space station."", ""Step 2: Cause = orbital free fall (microgravity)."", ""Step 3: Choose microgravity.""]}",standard
97,97,"{""options"": [""Vitamin C deficiency (Scurvy)"", ""Iron deficiency (Anaemia)"", ""Vitamin A deficiency (Night blindness)"", ""Vitamin D deficiency (Rickets)""], ""correct_answer"": ""Vitamin C deficiency (Scurvy)"", ""explanation"": ""Bleeding gums and delayed wound healing are classic symptoms of scurvy, caused by a lack of Vitamin C found in citrus fruits like lemons and amla."", ""hints"": [""Think about citrus fruits like oranges, lemons, and amla."", ""Which vitamin keeps gums and skin healthy?"", ""Deficiency of Vitamin C causes scurvy.""], ""scaffold_steps"": [""Step 1: Identify symptoms: bleeding gums, slow wound healing."", ""Step 2: Match symptoms to deficiency disease: Scurvy."", ""Step 3: Scurvy is caused by Vitamin C deficiency.""]}",standard
98,98,"{""options"": [""Translucent"", ""Transparent"", ""Opaque"", ""Luminous""], ""correct_answer"": ""Translucent"", ""explanation"": ""Materials through which objects can be seen, but not clearly, are called translucent. An oily patch makes paper translucent."", ""hints"": [""Can you see clearly through it? No, only dimly."", ""Is it completely blocked? No."", ""A material that lets partial light through is called translucent.""], ""scaffold_steps"": [""Step 1: Assess light transmission: partial/blurred."", ""Step 2: Recall definitions: Transparent = clear, Opaque = no light, Translucent = partial light."", ""Step 3: The correct term is Translucent.""]}",standard
99,99,"{""options"": [""Winnowing"", ""Threshing"", ""Sieving"", ""Sedimentation""], ""correct_answer"": ""Winnowing"", ""explanation"": ""Winnowing is the method used to separate heavier and lighter components of a mixture by wind or by blowing air, commonly used by farmers to separate husk from grains."", ""hints"": [""Wind is used to blow away the lighter component."", ""Threshing beats the stalks; winnowing uses wind."", ""The process is winnowing.""], ""scaffold_steps"": [""Step 1: Identify components: heavy grains + light husk."", ""Step 2: Mechanism: wind separates by weight."", ""Step 3: This process is called Winnowing.""]}",standard
100,100,"{""options"": [""Fibrous root system"", ""Taproot system with lateral roots"", ""Aerial prop root system"", ""Tuberous root system""], ""correct_answer"": ""Fibrous root system"", ""explanation"": ""Leaves with parallel venation are consistently paired with fibrous root systems, whereas leaves with reticulate venation are associated with taproots."", ""hints"": [""Grass has parallel venation."", ""Does grass have one thick carrot-like taproot or a bundle of thin roots?"", ""Parallel venation pairs with fibrous roots.""], ""scaffold_steps"": [""Step 1: Identify venation type: parallel."", ""Step 2: Recall rule: Parallel venation = Fibrous roots; Reticulate venation = Taproot."", ""Step 3: Therefore, grass has fibrous roots.""]}",standard
101,101,"{""options"": [""Ball and socket joint (shoulder and hip)"", ""Hinge joint (elbow and knee)"", ""Pivotal joint (neck)"", ""Fixed joint (cranium)""], ""correct_answer"": ""Ball and socket joint (shoulder and hip)"", ""explanation"": ""The ball-and-socket joint, where the rounded head of one bone fits into the cavity of another, permits rotational movement in all directions."", ""hints"": [""Can your elbow rotate in a full circle? No."", ""Can your shoulder swing an arm around in circles? Yes."", ""The joint is the ball and socket joint.""], ""scaffold_steps"": [""Step 1: Hinge joint = 1 direction (back and forth)."", ""Step 2: Fixed joint = no movement."", ""Step 3: Ball and socket joint = movement in all directions.""]}",standard
102,102,"{""options"": [""Rubber is a poor conductor of electricity (insulator) and prevents electric shocks"", ""Rubber attracts electric current away from the switchboard"", ""Rubber acts as a strong conductor, helping the circuit complete quickly"", ""Rubber generates electrical power to test the switchboard""], ""correct_answer"": ""Rubber is a poor conductor of electricity (insulator) and prevents electric shocks"", ""explanation"": ""Rubber is an electrical insulator. It does not allow electric current to pass through it, thereby protecting the electrician from dangerous electric shocks."", ""hints"": [""Does electricity flow through rubber?"", ""Rubber does not conduct electricity."", ""It acts as an insulator to prevent electric shocks.""], ""scaffold_steps"": [""Step 1: Identify material: rubber."", ""Step 2: Electrical property of rubber: insulator (does not allow current to pass)."", ""Step 3: Purpose: protects human body from electric shock.""]}",standard
103,103,"{""options"": [""The two magnets repel (push away from each other)"", ""The two magnets attract (pull together strongly)"", ""Both magnets lose their magnetism immediately"", ""They rotate until their North poles stick together permanently""], ""correct_answer"": ""The two magnets repel (push away from each other)"", ""explanation"": ""The fundamental law of magnetism states that like poles repel each other and unlike poles attract. Thus, North pole repels North pole."", ""hints"": [""Are the two poles the same (like) or opposite (unlike)?"", ""They are both North poles (like poles)."", ""Like poles repel each other.""], ""scaffold_steps"": [""Step 1: Identify poles being brought together: North and North."", ""Step 2: Rule of magnetism: Like poles repel; unlike poles attract."", ""Step 3: Outcome: They repel each other.""]}",standard
104,104,"{""options"": [""To obtain essential nitrogen compounds lacking in the soil where it grows"", ""Because it cannot perform photosynthesis or make its own food"", ""To absorb water that it cannot get through its roots"", ""To protect neighboring plants from insect infestations""], ""correct_answer"": ""To obtain essential nitrogen compounds lacking in the soil where it grows"", ""explanation"": ""Pitcher plants grow in nitrogen-deficient soil. While they are green and perform photosynthesis to produce carbohydrates, they digest insects to obtain required nitrogen compounds."", ""hints"": [""Does the pitcher plant have chlorophyll? Yes, it is green."", ""What essential nutrient is missing in boggy soil?"", ""It digests insects to get nitrogen.""], ""scaffold_steps"": [""Step 1: Note that pitcher plants have chlorophyll and make sugar."", ""Step 2: They grow in marshy bogs lacking nitrogen."", ""Step 3: Insect digestion supplies nitrogen compounds.""]}",standard
105,105,"{""options"": [""Small intestine"", ""Stomach"", ""Large intestine"", ""Esophagus""], ""correct_answer"": ""Small intestine"", ""explanation"": ""The inner wall of the small intestine has millions of microscopic finger-like projections called villi, which provide enormous surface area for absorbing digested nutrients into the bloodstream."", ""hints"": [""Villi are finger-like projections."", ""Where does the final absorption of food occur?"", ""It takes place in the small intestine.""], ""scaffold_steps"": [""Step 1: Stomach begins protein digestion."", ""Step 2: Large intestine absorbs water."", ""Step 3: Small intestine absorbs digested food nutrients through villi.""]}",standard
106,106,"{""options"": [""Radiation"", ""Conduction"", ""Convection"", ""Advection""], ""correct_answer"": ""Radiation"", ""explanation"": ""Since outer space between the Sun and Earth is a vacuum devoid of any material medium, heat can only travel through electromagnetic waves by radiation."", ""hints"": [""Is there air in deep space to carry heat by convection?"", ""Can heat touch Earth by conduction without touching material?"", ""Heat through empty vacuum travels by radiation.""], ""scaffold_steps"": [""Step 1: Conduction and convection require matter (solid, liquid, gas)."", ""Step 2: Space between Sun and Earth is a vacuum."", ""Step 3: Only radiation transfers heat through a vacuum.""]}",standard
107,107,"{""options"": [""It remains yellow (no color change)"", ""It turns deep red immediately"", ""It turns dark blue"", ""It turns completely colorless""], ""correct_answer"": ""It remains yellow (no color change)"", ""explanation"": ""Turmeric is a natural indicator that turns reddish-brown in basic solutions (like soap or lime water), but remains yellow in acidic and neutral solutions."", ""hints"": [""Turmeric turns reddish-brown with soap (base)."", ""Lemon juice is an acid."", ""Turmeric remains yellow in acid.""], ""scaffold_steps"": [""Step 1: Turmeric turns reddish-brown only with bases."", ""Step 2: Lemon juice contains citric acid (acidic)."", ""Step 3: Therefore, turmeric remains yellow.""]}",standard
108,108,"{""options"": [""Rusting of an iron gate exposed to moist air"", ""Melting of wax on a warm plate"", ""Dissolving common salt in a glass of water"", ""Boiling water to produce steam""], ""correct_answer"": ""Rusting of an iron gate exposed to moist air"", ""explanation"": ""Rusting is a chemical change because iron reacts with atmospheric oxygen and water vapor to form a chemically new substance, hydrated iron(III) oxide (rust)."", ""hints"": [""Can the change be reversed easily?"", ""In which process is a completely new chemical substance formed?"", ""Rust is a new compound (iron oxide).""], ""scaffold_steps"": [""Step 1: Melting and boiling are physical phase changes."", ""Step 2: Dissolving salt is reversible by evaporation."", ""Step 3: Rusting creates a new chemical compound (rust), making it a chemical change.""]}",standard
109,109,"{""options"": [""Lactic acid"", ""Carbonic acid"", ""Acetic acid"", ""Hydrochloric acid""], ""correct_answer"": ""Lactic acid"", ""explanation"": ""During strenuous exercise, muscle cells respire anaerobically due to temporary oxygen scarcity, partially breaking down glucose into lactic acid, which accumulates and causes muscle cramps."", ""hints"": [""Muscle cramps occur when oxygen supply is insufficient."", ""Glucose breaks down anaerobically in human muscles."", ""The accumulated compound is lactic acid.""], ""scaffold_steps"": [""Step 1: Strenuous exercise leads to oxygen deficit in muscles."", ""Step 2: Anaerobic respiration occurs in muscle cells."", ""Step 3: Glucose -> Lactic acid + energy; lactic acid accumulation causes cramps.""]}",standard
110,110,"{""options"": [""It has a low melting point so it melts rapidly under excess heat"", ""It has infinite electrical resistance so current never flows"", ""It is an insulator that repels electric current"", ""It has an extremely high melting point that withstands lightning""], ""correct_answer"": ""It has a low melting point so it melts rapidly under excess heat"", ""explanation"": ""A fuse wire is made of an alloy with a low melting point. When excessive current produces heating, the wire melts quickly, safely breaking the circuit to prevent electrical fires."", ""hints"": [""A fuse is designed to break when current is dangerously high."", ""Should it melt easily or never melt?"", ""It must have a low melting point to melt safely.""], ""scaffold_steps"": [""Step 1: Excess current causes Joule heating (H = I^2 R t)."", ""Step 2: If current is dangerously high, fuse wire must melt to interrupt circuit."", ""Step 3: Therefore, it must be made of a material with a low melting point.""]}",standard
111,111,"{""options"": [""Wheat"", ""Paddy (Rice)"", ""Maize"", ""Cotton""], ""correct_answer"": ""Wheat"", ""explanation"": ""Wheat, gram, peas, and mustard are classic Rabi crops sown in winter (October to March) and harvested in spring, whereas paddy, maize, and cotton are Kharif monsoon crops."", ""hints"": [""Rabi crops are grown in winter."", ""Does paddy grow in winter or heavy monsoon rain?"", ""Wheat is grown during the cool winter season.""], ""scaffold_steps"": [""Step 1: Recall Kharif = Monsoon (Paddy, Maize, Cotton)."", ""Step 2: Recall Rabi = Winter (Wheat, Gram, Mustard)."", ""Step 3: Therefore, Wheat is the Rabi crop.""]}",standard
112,112,"{""options"": [""Rhizobium"", ""Lactobacillus"", ""Vibrio cholerae"", ""Escherichia coli""], ""correct_answer"": ""Rhizobium"", ""explanation"": ""Rhizobium lives symbiotically in the root nodules of leguminous crops (pulses, beans, peas), converting atmospheric nitrogen gas into water-soluble nitrates that plants use for protein synthesis."", ""hints"": [""Think about leguminous plants like beans, peas, and pulses."", ""Lactobacillus makes curd; which one fixes nitrogen in roots?"", ""The bacterium is Rhizobium.""], ""scaffold_steps"": [""Step 1: Identify symbiotic nitrogen-fixing organism."", ""Step 2: Lactobacillus turns milk into curd."", ""Step 3: Rhizobium inhabits legume roots to fix nitrogen.""]}",standard
113,113,"{""options"": [""Outermost non-luminous blue zone"", ""Middle luminous yellow zone"", ""Innermost dark zone surrounding the wick"", ""The molten wax pool at the bottom""], ""correct_answer"": ""Outermost non-luminous blue zone"", ""explanation"": ""The outermost zone of a flame receives abundant oxygen, allowing complete combustion. It is the hottest part of the flame and glows blue."", ""hints"": [""Which part gets the most oxygen from the surrounding air?"", ""The very outside of the flame."", ""The outermost blue zone is the hottest.""], ""scaffold_steps"": [""Step 1: Innermost zone = unburnt wax vapor (least hot)."", ""Step 2: Middle zone = partial combustion (moderately hot)."", ""Step 3: Outermost zone = complete combustion with abundant air (hottest).""]}",standard
114,114,"{""options"": [""A wider strap increases the surface area, thereby reducing the pressure exerted on the shoulders"", ""A wider strap increases the force pulling down on the shoulders"", ""A wider strap generates frictional heat to keep the student warm"", ""A wider strap eliminates the gravitational weight of the bag completely""], ""correct_answer"": ""A wider strap increases the surface area, thereby reducing the pressure exerted on the shoulders"", ""explanation"": ""Since Pressure = Force / Area, increasing the surface area over which the bag's weight acts significantly reduces the pressure exerted on the shoulders, making it comfortable to carry."", ""hints"": [""Formula: Pressure = Force / Area."", ""When Area increases in the denominator, what happens to Pressure?"", ""Pressure decreases, making it less painful to carry.""], ""scaffold_steps"": [""Step 1: Formula is P = F / A."", ""Step 2: Wide straps increase contact area (A)."", ""Step 3: Larger A means smaller Pressure (P) on shoulders.""]}",standard
115,115,"{""options"": [""Static friction > Sliding friction > Rolling friction"", ""Rolling friction > Sliding friction > Static friction"", ""Sliding friction > Static friction > Rolling friction"", ""Rolling friction > Static friction > Sliding friction""], ""correct_answer"": ""Static friction > Sliding friction > Rolling friction"", ""explanation"": ""Static friction is the greatest because surface interlocking is deepest at rest. Once motion begins, sliding friction is lower. Rolling friction involves minimal contact deformation, making it the smallest."", ""hints"": [""Is it hardest to start moving an object, keep it sliding, or roll it on wheels?"", ""Starting from rest takes maximum effort (static)."", ""Wheels take the least effort (rolling).""], ""scaffold_steps"": [""Step 1: Overcoming static rest requires maximum force (Static is highest)."", ""Step 2: Sliding encounters moving irregularities (Sliding is intermediate)."", ""Step 3: Rolling minimizes contact friction (Rolling is lowest).""]}",standard
116,116,"{""options"": [""Frequency of vibration"", ""Amplitude of vibration"", ""Speed of propagation"", ""Loudness in decibels""], ""correct_answer"": ""Frequency of vibration"", ""explanation"": ""The frequency of vibration (number of oscillations per second, in Hertz) determines the pitch or shrillness of a sound. Higher frequency corresponds to higher pitch."", ""hints"": [""Amplitude determines loudness."", ""What determines pitch or shrillness?"", ""The number of vibrations per second is frequency.""], ""scaffold_steps"": [""Step 1: Loudness is governed by Amplitude."", ""Step 2: Shrillness/pitch is governed by Frequency."", ""Step 3: Therefore, Frequency determines pitch.""]}",standard
117,117,"{""options"": [""Supplied heat energy is consumed as latent heat of vaporisation to overcome intermolecular forces of attraction between water molecules"", ""The thermometer loses sensitivity at 100\u00b0C"", ""Heat escapes into the surrounding air so fast that water stops absorbing energy"", ""Water molecules stop moving at 100\u00b0C""], ""correct_answer"": ""Supplied heat energy is consumed as latent heat of vaporisation to overcome intermolecular forces of attraction between water molecules"", ""explanation"": ""During boiling, heat energy supplied does not increase kinetic energy (temperature), but is absorbed as latent heat of vaporisation to break intermolecular bonds between liquid molecules."", ""hints"": [""Does the heat increase molecular speed or break molecular bonds?"", ""It is used to break bonds between liquid molecules."", ""This hidden energy is called latent heat of vaporisation.""], ""scaffold_steps"": [""Step 1: Boiling is a phase change from liquid to gas."", ""Step 2: Temperature measures average kinetic energy."", ""Step 3: Heat supplied breaks intermolecular bonds without raising temperature (latent heat).""]}",standard
118,118,"{""options"": [""Al2O3"", ""Al3O2"", ""AlO"", ""AlO2""], ""correct_answer"": ""Al2O3"", ""explanation"": ""By criss-crossing ionic valencies (Al has valency 3, O has valency 2), the subscript for Al becomes 2 and for O becomes 3, yielding Al2O3."", ""hints"": [""Criss-cross the charges of Al (3+) and O (2-)."", ""Al takes the 2, and O takes the 3."", ""Formula is Al2O3.""], ""scaffold_steps"": [""Step 1: Write symbols and valencies: Al (3), O (2)."", ""Step 2: Criss-cross valencies: Al_2 and O_3."", ""Step 3: Chemical formula is Al2O3.""]}",standard
119,119,"{""options"": [""Mitochondria"", ""Ribosome"", ""Golgi apparatus"", ""Lysosome""], ""correct_answer"": ""Mitochondria"", ""explanation"": ""Mitochondria are sites of aerobic cellular respiration, synthesizing energy in the form of Adenosine Triphosphate (ATP), earning them the title 'Powerhouse of the Cell'."", ""hints"": [""Which organelle produces ATP energy?"", ""Ribosomes make proteins; lysosomes digest waste."", ""Mitochondria generate cellular energy.""], ""scaffold_steps"": [""Step 1: Identify ATP production site."", ""Step 2: Cellular respiration occurs in mitochondria."", ""Step 3: Mitochondria are called the powerhouse of the cell.""]}",standard
120,120,"{""options"": [""100 meters"", ""200 meters"", ""50 meters"", ""20 meters""], ""correct_answer"": ""100 meters"", ""explanation"": ""Using second equation of motion: s = ut + (1/2)at^2. Since u = 0: s = 0 + (1/2) * 2 * (10^2) = 1 * 100 = 100 meters."", ""hints"": [""Use s = ut + (1/2)at^2."", ""Initial velocity u = 0, so ut = 0."", ""(1/2) * 2 * 100 = 100 meters.""], ""scaffold_steps"": [""Step 1: Identify given: u = 0, a = 2 m/s^2, t = 10 s."", ""Step 2: Substitute into s = ut + (1/2)at^2."", ""Step 3: s = 0 + 0.5 * 2 * 100 = 100 m.""]}",standard
121,121,"{""options"": [""To increase the impact time, thereby reducing the rate of change of momentum and minimizing force on the hands"", ""To decrease the time taken to catch the ball so it stops instantly"", ""To increase the momentum of the ball before stopping it"", ""To allow air resistance to blow the ball away""], ""correct_answer"": ""To increase the impact time, thereby reducing the rate of change of momentum and minimizing force on the hands"", ""explanation"": ""By Newton's Second Law, Force = Delta p / Delta t. Pulling hands backward increases impact time (Delta t), which significantly reduces the force experienced by the fielder's hands, preventing injury."", ""hints"": [""Recall F = Delta p / Delta t."", ""If time Delta t increases, what happens to Force F?"", ""Force decreases, preventing painful impact on hands.""], ""scaffold_steps"": [""Step 1: Catching reduces ball momentum to zero."", ""Step 2: Force = Rate of change of momentum (Delta p / Delta t)."", ""Step 3: Increasing time Delta t decreases force F on hands.""]}",standard
122,122,"{""options"": [""Equal to the weight of the fluid displaced by the submerged object"", ""Equal to the total volume of water in the container"", ""Equal to the atmospheric pressure acting on the water surface"", ""Greater than the gravitational mass of Earth""], ""correct_answer"": ""Equal to the weight of the fluid displaced by the submerged object"", ""explanation"": ""Archimedes' principle states that when a body is immersed fully or partially in a fluid, it experiences an upward buoyant force equal to the weight of the fluid displaced by the body."", ""hints"": [""What does the displaced fluid weigh?"", ""The upward push matches that weight."", ""Buoyant force = weight of displaced fluid.""], ""scaffold_steps"": [""Step 1: Archimedes discovered flotation principles."", ""Step 2: Submerging an object pushes water aside."", ""Step 3: Upward buoyant force = weight of displaced water.""]}",standard
123,123,"{""options"": [""Copper(II) oxide (CuO)"", ""Hydrogen gas (H2)"", ""Water (H2O)"", ""Pure copper (Cu)""], ""correct_answer"": ""Copper(II) oxide (CuO)"", ""explanation"": ""Reduction is the loss of oxygen. Copper(II) oxide (CuO) loses oxygen to become copper (Cu), meaning CuO is reduced. Hydrogen gains oxygen and is oxidized."", ""hints"": [""Reduction means loss of oxygen."", ""Which reactant loses its oxygen atom during the reaction?"", ""CuO loses oxygen to form Cu, so CuO is reduced.""], ""scaffold_steps"": [""Step 1: Identify reactants: CuO and H2."", ""Step 2: CuO loses oxygen to become Cu."", ""Step 3: Loss of oxygen is reduction; therefore, CuO is reduced.""]}",standard
124,124,"{""options"": [""NaHCO3 (Sodium hydrogen carbonate)"", ""Na2CO3 . 10H2O (Sodium carbonate decahydrate)"", ""CaOCl2 (Bleaching powder)"", ""CaSO4 . (1/2)H2O (Plaster of Paris)""], ""correct_answer"": ""NaHCO3 (Sodium hydrogen carbonate)"", ""explanation"": ""Baking soda is Sodium hydrogen carbonate (NaHCO3). On heating during baking, it decomposes to release carbon dioxide gas, which causes cake batter to rise."", ""hints"": [""It contains sodium, hydrogen, carbon, and oxygen."", ""Its chemical name is Sodium hydrogen carbonate."", ""The formula is NaHCO3.""], ""scaffold_steps"": [""Step 1: Baking soda release CO2 when heated."", ""Step 2: Chemical name = Sodium hydrogen carbonate (bicarbonate)."", ""Step 3: Formula = NaHCO3.""]}",standard
125,125,"{""options"": [""To prevent mixing of oxygenated and deoxygenated blood, ensuring highly efficient oxygen delivery to sustain warm-blooded metabolism"", ""To allow air to circulate directly into the brain"", ""To store extra blood when the body is asleep"", ""To decrease blood pressure so veins do not burst""], ""correct_answer"": ""To prevent mixing of oxygenated and deoxygenated blood, ensuring highly efficient oxygen delivery to sustain warm-blooded metabolism"", ""explanation"": ""Complete separation of the right side (deoxygenated) and left side (oxygenated) of the heart prevents mixing, ensuring a high supply of oxygen to maintain constant warm body temperature."", ""hints"": [""Are humans warm-blooded or cold-blooded?"", ""Warm-blooded mammals require huge amounts of oxygen."", ""Separating blood chambers provides maximum oxygen efficiency.""], ""scaffold_steps"": [""Step 1: Right chambers handle deoxygenated blood; left chambers handle oxygenated blood."", ""Step 2: Separation prevents oxygen dilution."", ""Step 3: This supports high metabolic energy requirements in warm-blooded humans.""]}",standard
126,126,"{""options"": [""Receptor -> Sensory neuron -> Spinal cord -> Motor neuron -> Effector muscle"", ""Effector muscle -> Motor neuron -> Brain -> Sensory neuron -> Receptor"", ""Receptor -> Brain -> Spinal cord -> Sensory neuron -> Muscle"", ""Sensory neuron -> Receptor -> Motor neuron -> Spinal cord""], ""correct_answer"": ""Receptor -> Sensory neuron -> Spinal cord -> Motor neuron -> Effector muscle"", ""explanation"": ""The reflex arc starts at heat receptors in skin, travels via sensory neurons to the spinal cord, and immediately directs motor neurons to trigger effector muscle contraction without waiting for conscious brain processing."", ""hints"": [""Start at the skin receptor."", ""Impulses travel in: sensory -> spinal cord -> motor."", ""Ends at the effector muscle.""], ""scaffold_steps"": [""Step 1: Stimulus detected by Receptor."", ""Step 2: Sensory neuron carries signal to Spinal cord."", ""Step 3: Motor neuron triggers Effector muscle contraction.""]}",standard
127,127,"{""options"": [""4 ohms"", ""18 ohms"", ""8 ohms"", ""2 ohms""], ""correct_answer"": ""4 ohms"", ""explanation"": ""For parallel resistors: 1 / R_eq = 1/6 + 1/12 = 2/12 + 1/12 = 3/12 = 1/4. Therefore, R_eq = 4 ohms."", ""hints"": [""Use parallel resistance formula: 1/R = 1/R1 + 1/R2."", ""1/6 + 1/12 = 2/12 + 1/12 = 3/12."", ""Flip 3/12 to get R = 12/3 = 4 ohms.""], ""scaffold_steps"": [""Step 1: Formula: 1/R = 1/6 + 1/12."", ""Step 2: Common denominator 12: 1/R = (2 + 1) / 12 = 3/12 = 1/4."", ""Step 3: R = 4 ohms.""]}",standard
128,128,"{""options"": [""+2.0 Dioptres"", ""+0.5 Dioptres"", ""-2.0 Dioptres"", ""+5.0 Dioptres""], ""correct_answer"": ""+2.0 Dioptres"", ""explanation"": ""Power P = 1 / f (in meters). Since f = +50 cm = +0.5 m, P = 1 / 0.5 = +2.0 Dioptres (D). Convex lenses have positive power."", ""hints"": [""Convert focal length to meters first: 50 cm = 0.5 m."", ""Formula: Power P = 1 / f(in meters)."", ""P = 1 / 0.5 = +2.0 D.""], ""scaffold_steps"": [""Step 1: Convert f to meters: f = 50 cm = 0.5 m."", ""Step 2: Formula P = 1 / f."", ""Step 3: P = 1 / 0.5 = +2.0 Dioptres.""]}",standard
129,129,"{""options"": [""Grandfather"", ""Brother"", ""Uncle"", ""Nephew""], ""correct_answer"": ""Grandfather"", ""explanation"": ""Your father's father (or mother's father) is known as your grandfather."", ""hints"": [""He is the parent of your parent."", ""He is older and tells wonderful bedtime stories."", ""He is your grandfather.""], ""scaffold_steps"": [""Step 1: Relation = father's father."", ""Step 2: English term = Grandfather."", ""Step 3: Select 'Grandfather'.""]}",standard
130,130,"{""options"": [""HAT"", ""DOG"", ""SUN"", ""PEN""], ""correct_answer"": ""HAT"", ""explanation"": ""CAT and HAT both end with the '-at' sound: c-at and h-at."", ""hints"": [""Say the words aloud: C-AT... H-..."", ""Which word ends with '-at'?"", ""HAT rhymes with CAT.""], ""scaffold_steps"": [""Step 1: Ending sound of CAT = '-at'."", ""Step 2: Test options: DOG (-og), SUN (-un), HAT (-at)."", ""Step 3: Choose 'HAT'.""]}",standard
131,131,"{""options"": [""Green with a red beak"", ""Purple with a yellow beak"", ""All black like a crow"", ""Blue with white spots""], ""correct_answer"": ""Green with a red beak"", ""explanation"": ""Mittu was a green parrot who had a lovely red beak and loved eating mangoes."", ""hints"": [""Think about standard parrots in trees."", ""Their feathers are green."", ""Mittu was green with a red beak.""], ""scaffold_steps"": [""Step 1: Character = Mittu the parrot."", ""Step 2: Parrots have green feathers and red beaks."", ""Step 3: Select 'Green with a red beak'.""]}",standard
132,132,"{""options"": [""7 colors"", ""3 colors"", ""12 colors"", ""5 colors""], ""correct_answer"": ""7 colors"", ""explanation"": ""A natural rainbow has 7 colors: Violet, Indigo, Blue, Green, Yellow, Orange, and Red (VIBGYOR)."", ""hints"": [""Remember the acronym V-I-B-G-Y-O-R."", ""Count the letters: V, I, B, G, Y, O, R."", ""There are 7 colors.""], ""scaffold_steps"": [""Step 1: Recall rainbow acronym: VIBGYOR."", ""Step 2: Count the colors: 1 to 7."", ""Step 3: Total is 7 colors.""]}",standard
133,133,"{""options"": [""Big glasses (spectacles)"", ""A gold watch on his tail"", ""A red party hat"", ""Blue swimming flippers""], ""correct_answer"": ""Big glasses (spectacles)"", ""explanation"": ""Smiley the giraffe wore large glasses (spectacles) and held a book in his hand when Haldi met him."", ""hints"": [""He wore them over his eyes to read books."", ""They helped him see clearly."", ""He wore glasses (spectacles).""], ""scaffold_steps"": [""Step 1: Character = Smiley the giraffe."", ""Step 2: Look at his face in the illustration."", ""Step 3: He wore glasses (spectacles).""]}",standard
134,134,"{""options"": [""For its colorful wings"", ""For its ability to swim fast"", ""For its sharp eagle claws"", ""For its heavy shell""], ""correct_answer"": ""For its colorful wings"", ""explanation"": ""The poem begins: 'If I were a butterfly, I would be thankful for my wings.'"", ""hints"": [""What helps a butterfly fly among flowers?"", ""Butterflies have beautiful painted wings."", ""It is thankful for its wings.""], ""scaffold_steps"": [""Step 1: Animal = Butterfly."", ""Step 2: Key feature = Wings."", ""Step 3: Thankful for its wings.""]}",standard
135,135,"{""options"": [""By shining warmly and brightly"", ""By blowing freezing gale winds"", ""By sending a thunder storm"", ""By asking a robber to take it""], ""correct_answer"": ""By shining warmly and brightly"", ""explanation"": ""The Sun shone brighter and warmer, making the man feel hot so that he took off his coat gladly."", ""hints"": [""The Wind tried blowing hard, but the man held his coat tighter."", ""Then the Sun began to shine warmly."", ""The Sun shone brightly and warmly.""], ""scaffold_steps"": [""Step 1: Wind's force failed."", ""Step 2: Sun used warmth and brightness."", ""Step 3: Man took off coat because of warmth.""]}",standard
136,136,"{""options"": [""Cook, pot, cook!"", ""Open sesame!"", ""Fly, pot, fly!"", ""Sleep, pot, sleep!""], ""correct_answer"": ""Cook, pot, cook!"", ""explanation"": ""The kind old woman taught Tara to say 'Cook, pot, cook' to start cooking porridge."", ""hints"": [""It tells the pot what action to do: cook."", ""It repeats the word cook."", ""Tara said: 'Cook, pot, cook!'""], ""scaffold_steps"": [""Step 1: Action = cooking porridge."", ""Step 2: Magic phrase = 'Cook, pot, cook!'."", ""Step 3: Select 'Cook, pot, cook!'.""]}",standard
137,137,"{""options"": [""The sky, sun, birds, and trees"", ""Only a dark stormy cloud"", ""A sleeping cat under the bed"", ""No one at all""], ""correct_answer"": ""The sky, sun, birds, and trees"", ""explanation"": ""The child greets: 'Good morning, sky! Good morning, sun! Good morning, little winds that run! Good morning, birds!'"", ""hints"": [""The child greets all the bright morning nature elements."", ""Sky, sun, birds, and green trees."", ""The child greets the sky, sun, birds, and trees.""], ""scaffold_steps"": [""Step 1: Poem = 'Good Morning'."", ""Step 2: Review first stanza lines."", ""Step 3: Greets sky, sun, birds, and trees.""]}",standard
138,138,"{""options"": [""She worried the baby sparrows in her room would starve if the house was locked"", ""She lost her favorite red dancing shoes"", ""She was afraid of traveling on the train"", ""She did not want to meet her cousins""], ""correct_answer"": ""She worried the baby sparrows in her room would starve if the house was locked"", ""explanation"": ""Nina was worried that locking the room would prevent the mother and father sparrows from feeding their tiny babies."", ""hints"": [""Think about the baby birds in the nest on her bookshelf."", ""She cared about the sparrows' safety."", ""She was worried the baby sparrows would starve.""], ""scaffold_steps"": [""Step 1: Conflict = family wedding in Delhi."", ""Step 2: Nina's worry = sparrows in her bedroom."", ""Step 3: Choose sparrow safety.""]}",standard
139,139,"{""options"": [""Teamwork and helping each other makes difficult tasks possible"", ""It is better to work all alone in secret"", ""Never plant vegetables in gardens"", ""Only strong giants can accomplish goals""], ""correct_answer"": ""Teamwork and helping each other makes difficult tasks possible"", ""explanation"": ""The giant turnip could not be pulled by one person, but when all worked together in unity, they succeeded."", ""hints"": [""Think about how they pulled: the man, woman, boy, and girl all pulled together."", ""United we stand!"", ""Teamwork makes difficult tasks possible.""], ""scaffold_steps"": [""Step 1: Individual pulling failed."", ""Step 2: Group cooperation succeeded."", ""Step 3: Moral = Teamwork.""]}",standard
140,140,"{""options"": [""PIN Code (Postal Index Number)"", ""Phone passcode"", ""School roll number"", ""Shoe size number""], ""correct_answer"": ""PIN Code (Postal Index Number)"", ""explanation"": ""The PIN code (Postal Index Number) has 6 digits that identify the specific state, district, and delivery post office."", ""hints"": [""It has 6 digits like 110001 or 560001."", ""It stands for Postal Index Number."", ""It is the PIN Code.""], ""scaffold_steps"": [""Step 1: Purpose = route postal mail."", ""Step 2: 6-digit code = PIN Code."", ""Step 3: Select 'PIN Code'.""]}",standard
141,141,"{""options"": [""Her own internal body clock"", ""A loud railway horn outside"", ""Her dog barking at a cat"", ""A talking computer""], ""correct_answer"": ""Her own internal body clock"", ""explanation"": ""Mother explains to Neha that every human has an internal body clock that prompts them when to eat, sleep, and wake up."", ""hints"": [""It is inside her own body."", ""It tells us when we are hungry or sleepy."", ""It is her internal body clock.""], ""scaffold_steps"": [""Step 1: All external alarms failed."", ""Step 2: Mother explains human biology."", ""Step 3: Neha's internal body clock.""]}",standard
142,142,"{""options"": [""A pocket watch"", ""A gold coin"", ""A magic wand"", ""A compass""], ""correct_answer"": ""A pocket watch"", ""explanation"": ""Alice was amazed because rabbits do not wear waistcoats or carry pocket watches to check the time."", ""hints"": [""It tells the time."", ""The rabbit looked at it and cried 'Oh dear, I shall be late!'"", ""It was a pocket watch.""], ""scaffold_steps"": [""Step 1: Character = White Rabbit."", ""Step 2: Action = checking if he was late."", ""Step 3: Object = Pocket watch.""]}",standard
143,143,"{""options"": [""W-A-T-E-R"", ""M-O-T-H-E-R"", ""S-C-H-O-O-L"", ""L-I-G-H-T""], ""correct_answer"": ""W-A-T-E-R"", ""explanation"": ""The connection between the physical sensation of cool liquid and the tactile letters W-A-T-E-R unlocked language for Helen."", ""hints"": [""It was cool liquid running from a water pump."", ""It spelled the name of what she drank."", ""The word was W-A-T-E-R.""], ""scaffold_steps"": [""Step 1: Context = pump water over hand."", ""Step 2: Spelled letters = W-A-T-E-R."", ""Step 3: Word is WATER.""]}",standard
144,144,"{""options"": [""The tree was truly happy"", ""The tree was angry and bitter"", ""The tree was scared and wept"", ""The tree wanted revenge""], ""correct_answer"": ""The tree was truly happy"", ""explanation"": ""Throughout the story, despite giving away everything it possessed, 'and the tree was happy' because of its selfless love."", ""hints"": [""The tree loved the boy unconditionally."", ""Giving made the tree feel joyful."", ""The tree was truly happy.""], ""scaffold_steps"": [""Step 1: Theme = unconditional love and giving."", ""Step 2: Key recurring refrain in the book."", ""Step 3: 'The tree was happy'.""]}",standard
145,145,"{""options"": [""Avial"", ""Biryani"", ""Sambar"", ""Dosa""], ""correct_answer"": ""Avial"", ""explanation"": ""Avial is the traditional Kerala mixed-vegetable dish created when the cook seasoned vegetable peelings and scraps with coconut and curd."", ""hints"": [""It is a famous traditional Kerala dish."", ""It begins with the letter 'A'."", ""The dish is Avial.""], ""scaffold_steps"": [""Step 1: Setting = Palace of Travancore, Kerala."", ""Step 2: Cook used vegetable scraps."", ""Step 3: Dish created was Avial.""]}",standard
146,146,"{""options"": [""Lest it grow thick and allow a hunter to climb up and catch them"", ""Because it had bad-tasting leaves"", ""Because it blocked sunlight from the river"", ""Because the birds wanted to eat it""], ""correct_answer"": ""Lest it grow thick and allow a hunter to climb up and catch them"", ""explanation"": ""The wise bird foresaw that when the creeper grew into a strong rope, a hunter could easily climb up the tall tree and trap the flock."", ""hints"": [""A thick creeper acts like a ladder."", ""A hunter could use it to climb."", ""It could help a hunter catch them.""], ""scaffold_steps"": [""Step 1: Warning = destroy creeper."", ""Step 2: Consequence of waiting = creeper becomes ladder."", ""Step 3: Hunter could climb up.""]}",standard
147,147,"{""options"": [""The print of a man's naked foot in the sand"", ""A chest filled with golden pirate coins"", ""A broken ship anchor buried in mud"", ""A giant sea turtle laying eggs""], ""correct_answer"": ""The print of a man's naked foot in the sand"", ""explanation"": ""Crusoe saw the distinct print of a human foot\u2014toes, heel, and every part of a foot\u2014proving another human was on the island."", ""hints"": [""He thought he was completely alone on the island."", ""He saw an imprint in the sand made by a foot."", ""The print of a man's foot.""], ""scaffold_steps"": [""Step 1: Setting = lonely deserted island."", ""Step 2: Startling discovery = footprint in sand."", ""Step 3: Print of a human foot.""]}",standard
148,148,"{""options"": [""They were enormous giants sixty feet tall"", ""They were tiny people only six inches tall"", ""They could fly using feathered wings"", ""They lived completely underwater""], ""correct_answer"": ""They were enormous giants sixty feet tall"", ""explanation"": ""In Brobdingnag, everything was gigantic; the farmers were sixty feet tall, making Gulliver look like a miniature creature."", ""hints"": [""In Lilliput people were tiny, but in Brobdingnag they were..."", ""They were huge giants."", ""They were enormous giants sixty feet tall.""], ""scaffold_steps"": [""Step 1: Land = Brobdingnag."", ""Step 2: Lilliput = tiny; Brobdingnag = giants."", ""Step 3: Giants sixty feet tall.""]}",standard
149,149,"{""options"": [""Patrick himself, because the elf required Patrick's constant research and guidance for every question"", ""The magical elf completely independently using wizardry"", ""Patrick's parents secretly during the night"", ""Patrick's school teacher who gave him automatic answers""], ""correct_answer"": ""Patrick himself, because the elf required Patrick's constant research and guidance for every question"", ""explanation"": ""The delightful twist of the story is that the elf was merely a catalyst. Patrick read the books, looked up dictionary meanings, and solved the sums himself, earning straight A's."", ""hints"": [""Did the elf know multiplication tables or history?"", ""Who looked up words in the dictionary?"", ""Patrick did all the actual work.""], ""scaffold_steps"": [""Step 1: The elf pleaded ignorance about human subjects."", ""Step 2: Patrick stayed up late reading and solving every problem for the elf."", ""Step 3: Conclusion: Patrick did his own homework.""]}",standard
150,150,"{""options"": [""Man"", ""The Lion"", ""The Bear"", ""The Wolf""], ""correct_answer"": ""Man"", ""explanation"": ""When the dog saw that even the mighty Lion feared human scent and avoided man, the dog realized Man was the strongest being on Earth and chose to be his faithful companion."", ""hints"": [""Who did the mighty Lion fear in the forest?"", ""The Lion smelled human beings approaching."", ""The dog chose Man.""], ""scaffold_steps"": [""Step 1: Dog served Wolf -> Bear -> Lion."", ""Step 2: Lion feared Man."", ""Step 3: Dog chose Man as the ultimate master.""]}",standard
151,151,"{""options"": [""Karnal"", ""Ambala"", ""Chandigarh"", ""Panipat""], ""correct_answer"": ""Karnal"", ""explanation"": ""Kalpana Chawla was born in Karnal, Haryana. She later graduated in aeronautical engineering from Punjab Engineering College, Chandigarh."", ""hints"": [""It is a historic city in Haryana."", ""Her hometown begins with the letter 'K'."", ""The city is Karnal.""], ""scaffold_steps"": [""Step 1: Recall Kalpana Chawla's birthplace mentioned in NCERT text."", ""Step 2: She was born in Karnal, Haryana."", ""Step 3: Karnal is the correct answer.""]}",standard
152,152,"{""options"": [""To teach children thoughtfulness, kindness, and deep empathy for people with disabilities through firsthand experience"", ""To test physical strength and endurance for competitive sports"", ""To punish students who failed academic exams"", ""To train children to become medical doctors""], ""correct_answer"": ""To teach children thoughtfulness, kindness, and deep empathy for people with disabilities through firsthand experience"", ""explanation"": ""Miss Beam explained that the real aim of her school was not just scholastic knowledge, but teaching thoughtfulness, appreciation, and authentic empathy by having children experience limitations firsthand."", ""hints"": [""Was it for grades or for human kindness?"", ""Miss Beam wanted children to understand what it feels like to face challenges."", ""It taught empathy and compassion.""], ""scaffold_steps"": [""Step 1: Identify the special practice at Miss Beam's school."", ""Step 2: Students took turns having bandages on eyes or tying an arm."", ""Step 3: Purpose: to build deep empathy for individuals with disabilities.""]}",standard
153,153,"{""options"": [""The present moment ('Now')"", ""The planned future"", ""The past remembered"", ""The early morning hours""], ""correct_answer"": ""The present moment ('Now')"", ""explanation"": ""The hermit taught the king that the most important time is 'Now', because the present is the only time over which we possess any real power to act."", ""hints"": [""Can you act in the past? No."", ""Can you act in the future before it arrives? No."", ""The only time you can act is NOW.""], ""scaffold_steps"": [""Step 1: Hermit answered the king's three questions."", ""Step 2: Past is gone; future is uncertain."", ""Step 3: The only time that matters is 'Now' (the present).""]}",standard
154,154,"{""options"": [""The beggar was barefoot and had painful peeling blisters on his feet from the scorching road"", ""The music master had asked them to throw his old slippers away"", ""The beggar offered money in exchange for comfortable footwear"", ""They wanted to play a mischievous prank on the music teacher""], ""correct_answer"": ""The beggar was barefoot and had painful peeling blisters on his feet from the scorching road"", ""explanation"": ""The children demonstrated pure empathy when they saw the beggar's bare feet covered with painful blisters caused by walking on the boiling sun-heated asphalt road."", ""hints"": [""What did the children notice on the beggar's feet?"", ""His feet had blisters from the hot road."", ""They gave slippers out of genuine compassion.""], ""scaffold_steps"": [""Step 1: Identify the beggar's distress: walking barefoot on boiling asphalt."", ""Step 2: His soles were peeling with heat blisters."", ""Step 3: Compassion prompted the children to give him chappals.""]}",standard
155,155,"{""options"": [""He dressed in torn rags with half a shaven face and ash, making people talk only about his eccentric appearance"", ""He concealed the fish inside a large sealed wooden treasure trunk"", ""He bribed the palace guards with silver coins to stay silent"", ""He walked into the palace in the middle of the dark night while everyone was asleep""], ""correct_answer"": ""He dressed in torn rags with half a shaven face and ash, making people talk only about his eccentric appearance"", ""explanation"": ""Gopal created such an overpowering visual spectacle by half-shaving his face and smearing ash that townspeople and courtiers talked only about his madness, winning the king's challenge."", ""hints"": [""What did Gopal look like when he walked through town?"", ""Half his beard was shaved and he had ash on his face."", ""People were too shocked by his appearance to notice the fish.""], ""scaffold_steps"": [""Step 1: The challenge was to bring a Hilsa fish without anyone asking about it."", ""Step 2: Gopal created an even bigger distraction with his absurd attire."", ""Step 3: No one mentioned the fish because they were fascinated by his appearance.""]}",standard
156,156,"{""options"": [""The Bristlecone pine tree"", ""The giant Douglas fir tree"", ""The California redwood tree"", ""The weeping willow tree""], ""correct_answer"": ""The Bristlecone pine tree"", ""explanation"": ""Mr. Wonka specifically highlights the Bristlecone pine tree growing on the slopes of Wheeler Peak in Nevada, which lives for more than 4,000 years, as the oldest living tree."", ""hints"": [""Look for the tree named by Willy Wonka that lives over 4,000 years."", ""Its name starts with 'Bristle...'"", ""It is the Bristlecone pine.""], ""scaffold_steps"": [""Step 1: Willy Wonka looked for the oldest living thing."", ""Step 2: He discovered that Bristlecone pines live for thousands of years."", ""Step 3: He gathered sap from the Bristlecone pine.""]}",standard
157,157,"{""options"": [""A spontaneous temporary truce where soldiers celebrated Christmas, shared food, and played football together"", ""A surprise massive military offensive launched in deep snow"", ""The signing of the final peace treaty ending World War I permanently"", ""An air raid conducted by newly invented combat airplanes""], ""correct_answer"": ""A spontaneous temporary truce where soldiers celebrated Christmas, shared food, and played football together"", ""explanation"": ""The 1914 Christmas Truce saw opposing British and German soldiers emerge from trenches into No Man's Land without weapons to celebrate Christmas, share food, and play football."", ""hints"": [""It took place on Christmas Day."", ""Did they fight or celebrate together?"", ""They celebrated a spontaneous peaceful Christmas truce.""], ""scaffold_steps"": [""Step 1: The letter describes Christmas 1914."", ""Step 2: German soldier Fritz and British soldier Tommy greeted each other."", ""Step 3: They shared food and played a football match in peace.""]}",standard
158,158,"{""options"": [""She recognized the warning signs (sea swelling and retreating with frothy bubbles) from a geography lesson taught by her teacher"", ""She received a sudden emergency text notification on her mobile phone"", ""She followed the high-tech sirens activated by the local coastal patrol"", ""She read an emergency notice printed in the morning hotel newspaper""], ""correct_answer"": ""She recognized the warning signs (sea swelling and retreating with frothy bubbles) from a geography lesson taught by her teacher"", ""explanation"": ""Tilly Smith recognized the rapid sea recession and bubbling froth from a video shown by her geography teacher in England two weeks earlier, enabling her to sound the alarm."", ""hints"": [""Think about what she learned in school two weeks before."", ""Her geography teacher showed a video of a tsunami."", ""She recognized the bubbling, retreating ocean water.""], ""scaffold_steps"": [""Step 1: Tilly was on holiday in Thailand."", ""Step 2: She noticed the sea frothing and pulling back rapidly."", ""Step 3: Remembering her geography lesson, she screamed that a tsunami was coming.""]}",standard
159,159,"{""options"": [""Mangal Pandey"", ""Tatya Tope"", ""Kunwar Singh"", ""Nana Sahib""], ""correct_answer"": ""Mangal Pandey"", ""explanation"": ""Sepoy Mangal Pandey of the 34th Bengal Native Infantry at Barrackpore led the open uprising against the grease-cartridges, sparking the 1857 rebellion."", ""hints"": [""He was a young sepoy at Barrackpore."", ""His heroic action ignited the 1857 rebellion."", ""His name is Mangal Pandey.""], ""scaffold_steps"": [""Step 1: Identify the mutiny spark: greased rifle cartridges."", ""Step 2: Young sepoy at Barrackpore attacked his British officers."", ""Step 3: The sepoy was Mangal Pandey.""]}",standard
160,160,"{""options"": [""Disabled people should concentrate on what they are good at and not waste energy on artificial things"", ""They should continuously train for the Olympic games regardless of interest"", ""They should avoid academic studies and focus only on relaxing music"", ""They should travel abroad to live in foreign universities permanently""], ""correct_answer"": ""Disabled people should concentrate on what they are good at and not waste energy on artificial things"", ""explanation"": ""Hawking advised disabled people to concentrate on things they are exceptionally good at and avoid forcing themselves into artificial competitions that waste their vital energy."", ""hints"": [""What did Hawking say about disabled people trying to do things they aren't suited for?"", ""Focus on your natural strengths and intellect."", ""Concentrate on what you are genuinely good at.""], ""scaffold_steps"": [""Step 1: Firdaus Kanga asked Hawking for advice for disabled people."", ""Step 2: Hawking remarked that disabled Olympics were often artificial."", ""Step 3: He advised: 'They should concentrate on what they are good at'.""]}",standard
161,161,"{""options"": [""It gave her continuous geography tests that were too difficult, requiring monotonous solitary screen learning"", ""It kept breaking down and emitting electrical sparks"", ""It forced her to do physical exercises outside in the cold"", ""It refused to answer any of Margie's questions""], ""correct_answer"": ""It gave her continuous geography tests that were too difficult, requiring monotonous solitary screen learning"", ""explanation"": ""The mechanical teacher was programmed at an advanced speed, giving Margie test after test in geography which she struggled with, turning learning into a lonely, joyless chore."", ""hints"": [""What subject was giving Margie trouble?"", ""The mechanical teacher's geography sector was geared too high."", ""It gave repeated frustrating tests on screen.""], ""scaffold_steps"": [""Step 1: Margie despised her mechanical teacher."", ""Step 2: The geography sector was geared too fast for an 11-year-old."", ""Step 3: She received test after test alone without human peer connection.""]}",standard
162,162,"{""options"": [""She senses acoustic vibrations somatically through different parts of her body and bare feet"", ""She reads the lip movements of orchestra conductors"", ""She wears high-power electronic hearing aids at every concert"", ""She memorizes sheet music numbers without sensing vibrations""], ""correct_answer"": ""She senses acoustic vibrations somatically through different parts of her body and bare feet"", ""explanation"": ""Glennie famously removes her shoes on wooden concert stages to feel vibrations pass up through her bare feet, sensing higher notes above her waist and lower notes below her waist."", ""hints"": [""How did percussionist Ron Forbes teach her to listen?"", ""He told her not to listen through ears, but sense it another way."", ""She feels vibrations through her body and feet.""], ""scaffold_steps"": [""Step 1: Evelyn lost her hearing by age 12."", ""Step 2: Master percussionist Forbes tuned two drums to different notes."", ""Step 3: She learned to feel sound vibrations somatically through her body.""]}",standard
163,163,"{""options"": [""He felt suffocated by strict rote discipline and authoritarian regimentation that stifled independent curiosity"", ""He repeatedly failed all mathematics and physics examinations"", ""He was expelled for refusing to participate in school sports"", ""His family wanted him to become a military officer immediately""], ""correct_answer"": ""He felt suffocated by strict rote discipline and authoritarian regimentation that stifled independent curiosity"", ""explanation"": ""Einstein despised the rigid, mindless military regimentation of German schools where rote memorization was prized over questioning and free inquiry, leading him to leave Munich."", ""hints"": [""Did Einstein like rote memorization?"", ""He hated strict authoritarian rules that blocked free thought."", ""He felt suffocated by school regimentation.""], ""scaffold_steps"": [""Step 1: Einstein valued questioning and conceptual visualization."", ""Step 2: Munich gymnasium emphasized rigid military discipline."", ""Step 3: He felt stifled and left to study in Switzerland.""]}",standard
164,164,"{""options"": [""He sternly told the teacher not to poison innocent children's minds with social inequality and demanded an immediate apology"", ""He transferred his son Ramanadha to another private school"", ""He complained to the British colonial commissioner in Madras"", ""He advised Abdul Kalam to sit quietly at the back of the classroom""], ""correct_answer"": ""He sternly told the teacher not to poison innocent children's minds with social inequality and demanded an immediate apology"", ""explanation"": ""Lakshmana Sastry summoned the new teacher and made it clear that religious communal prejudice would not be tolerated in their community, reforming the young teacher."", ""hints"": [""Did the head priest support or condemn religious segregation?"", ""He strongly condemned prejudice."", ""He ordered the teacher to apologize or quit the school.""], ""scaffold_steps"": [""Step 1: The new teacher separated Kalam and Ramanadha based on religion."", ""Step 2: Lakshmana Sastry summoned the teacher."", ""Step 3: He commanded the teacher never to spread communal intolerance among children.""]}",standard
165,165,"{""options"": [""Lencho suspects the compassionate postal workers who generously contributed money of being 'a bunch of crooks' who stole from him"", ""The postmaster refuses to read Lencho's letter and burns it"", ""A second hailstorm arrives and destroys the post office building"", ""Lencho discovers gold buried under his destroyed corn field""], ""correct_answer"": ""Lencho suspects the compassionate postal workers who generously contributed money of being 'a bunch of crooks' who stole from him"", ""explanation"": ""The poignant situational irony is that the very post office employees who sacrificed their own salaries out of pure charity to preserve Lencho's faith are branded by him as dishonest thieves."", ""hints"": [""What did Lencho call the post office workers in his second letter?"", ""He called them a 'bunch of crooks'."", ""They were the ones who actually gave him their own money.""], ""scaffold_steps"": [""Step 1: Postmaster collected 70 pesos out of kindness."", ""Step 2: Lencho received 70 pesos instead of 100."", ""Step 3: Irony: Lencho blamed the charitable helpers for stealing the missing 30 pesos.""]}",standard
166,166,"{""options"": [""Courage is not the absence of fear, but the triumph over fear"", ""Courage is the complete lack of physical or emotional fear"", ""Courage is winning military battles without negotiating peace"", ""Courage is ignoring the needs of others to protect oneself""], ""correct_answer"": ""Courage is not the absence of fear, but the triumph over fear"", ""explanation"": ""Mandela observed: 'I learned that courage was not the absence of fear, but the triumph over it. The brave man is not he who does not feel afraid, but he who conquers that fear.'"", ""hints"": [""Does a brave person feel fear?"", ""Yes, but they conquer it."", ""Courage is the triumph over fear.""], ""scaffold_steps"": [""Step 1: Mandela watched comrades risk lives for an ideal."", ""Step 2: He noted fear is a natural human emotion."", ""Step 3: True courage is conquering and triumphing over fear.""]}",standard
167,167,"{""options"": [""'Paper has more patience than people'"", ""'Silence is the ultimate weapon of war'"", ""'Books are more dangerous than guns'"", ""'Words fade away while deeds remain'""], ""correct_answer"": ""'Paper has more patience than people'"", ""explanation"": ""Anne wrote 'Paper has more patience than people' because a diary listens quietly without judgment, boredom, or betrayal, allowing her to express her authentic thoughts freely."", ""hints"": [""Think about paper versus human listeners."", ""Paper never gets tired of listening to your thoughts."", ""She wrote: 'Paper has more patience than people'.""], ""scaffold_steps"": [""Step 1: Anne had loving parents and friends, but lacked a true confidante."", ""Step 2: She reflected on her desire to confide completely."", ""Step 3: She concluded: 'Paper has more patience than people'.""]}",standard
168,168,"{""options"": [""Pader"", ""Kabai"", ""Boliya"", ""Chaiwala""], ""correct_answer"": ""Pader"", ""explanation"": ""The traditional Goan bread baker, whose jingling bamboo staff announced fresh morning loaves, is affectionately known as the 'Pader' in Goa."", ""hints"": [""It is a Portuguese-influenced Goan word for baker."", ""Begins with the letter 'P'."", ""The traditional baker is called a Pader.""], ""scaffold_steps"": [""Step 1: Recall the traditional bakery heritage in Goa."", ""Step 2: Elders fondly reminisce about the bread makers."", ""Step 3: The bakers are known as 'Pader'.""]}",standard
